memory_initialization_radix=2;
memory_initialization_vector=
000000000001000000000000000000000000000000000000000000000001000000000000000000000000000000000000111111000000000000000000000000000000000000000000000000111111111111000000000000000000000000111111000000000001000000000000000000000000000000000000000000000000000000000000000000000000111111000000000000000000000000000000000000111111000000000000000000000000000000000000000000111111000000000000000000000000000000000000000000000000000000000000000000000000000000,
000000000000000000000000000000000000000000000000000000000000111111000000000000000000000000000000000000000000000000000000000000000000000001000000000000111111000000000000000000000000000000000000000000000000000000000000000000000000000000000000111111000000000000000000111111000000000000000000000000000000000000000000000000111111000000000000000000000000000000000000111111000000000000000000000000000000000000000000000000000000000000000000000000111111000000,
000000000000000000000000000001000000000000000000000000000000000000000000000001000000000000000001000000000000000000000000111111000000000000000000000001000000000000000000000000000000000000000000000000000000000000000000000001000000000000000000000001000000000000000000000000000001000000000000000000000000000000000000000000000000000000000000000000000000000000000000000000000000000000111111000000000000000000111111000000000000000000000000000000000000000000,
000000000000000000000000000000000000000000000000000000000001000001000000000000000000000000000000000000000000000001000000000000000000000000000000000000000000000000000000000000000000000000000000000001000000000000000000000000000000000000000000000000000000000000000000111111111111000000000000000001000000000000000000000000000000000000000001000000000000000000000000000000000000000000000000000000000000000000000000000001000000000000000000000000000000000001,
000000000000000000000000000000000000111111000000000000000000000001000000000000000000000000000001000000000000000000000000000000000000000000000000000000000000000000000000000000000000000000000000000000000000000000000000000001000000000000000000000000000000111111000000000000000000000000000000000000000000000000000001000000000000000000000000000000000001000000000000111111000001000001000000000000000000000000111111000000000001000000000000000000000000000000,
111111000000000000000000000000000000000000000000000000000000000000000000000000000000000000000000000000000001000000000000000000000000000000000000000000000000000001000000000000000000000000000000000000000001000000000001000000000000000000000000000001000000000000000000000000000000000000000000000001000000000000000000000000000000000000000000000000000000000000000000000000000000000000000000000000000000000000000000000000000000000000000000000000000001000000,
000000111111000000000001000000000000111111000000000000000000000000000000000000000000000000000000000000000000000000000000000000000000000000000000000000000001000000000000000000000000000000000000000000000000000000000000000000000000000000000000000000111111111111000000000000000000000000000000000000111111000000000000000000000000000001000000000000000000000000000000000000000000000000000000000000000000000000000000000000000000111111000000000000000000000000,
000000000000000000000001000001000000000000000000000000000000000000000000000000000000111111000000000000000000000000000000000000000000000000000000000000000000000000000000000000000000000000000001000000000000000000000000111111000000000000000000000000000000000000000001000000000000000000000000000000000000000000000000000000000000000000000000000000111111000000000000000000000000000000000000000000111111000000000000000000000000000000000000000000000000000000,
000000000001000000000000000001000000000000000000000001000000111111000000000000000000000000000000000000000000000000000000000000000000000000000001000000000000000000000001000000000000000000000000000000000000000000000000000000000000000001000000000000000000000000000000000000000000000000000000000000000000111111000000000000000000000000000000000000000000000000000000000000000001000001000000000000000000111111000000111111000000000000000000000000000000000001,
000000111111000000000000000000000001000000000000000000000000000000000000000000000000000000000000000000000000000000000000111111000000111111000000000000000000000001000001000000000000000000000001111111000000000000000000000000000000000000000000000000000000111111000001000000000000000000000000000000000000000000000000000000000000000000000000000000000000000000111111000000000000000000000000000000000000000000000001000000000000000000000000000000000000000000,
000001111111000000000000000000111111000000000000000001000000000000000000000000000000000000000000000000000000000000000000000000000000000000000000000000000000000000000000000000000000000000000000000000000000000001000001000000000000000000000000000000000000000000000000000000000000000000000000000000000000000000000000000000000000000000000000000000000000000000000000000000000000000000000000000000000000000000000000111111000000000000000000000000000000000000,
111111000000000000111111000000111111000000000000000000000000111111000000000000000000000000000000111111000000000000000000000000000001000000111111000000000000000000000000111111000000000000000000000000000000000000000000000000000000000000000000000001111111000000000000000000000000000000000000000000111111000000000000000000111111000000000000000000000000000000000000000000000000000000000000000000000000000000111111000000000001111111000000000000111111000000,
000000111111000010000000000000000001000010000001000010111111000011000010111111111111000000000001000000111111000000000010111111000000000001000000111111000000000000000000000000111111000010000000000000000001111111000000000001000000000000000000000000000001000001111110000000000000000000000000000000000000000000111111000000111110111111000001111111111111000010000000000000111111111111000001000000111111000000111111000001000000000000000000000000000000000000,
000000111111000011111101111100000001000101111101000011000000000101000010111111000000000000111111000000111111000011000101000000111111000010000001111101111111111111000000111111000100000100111101111111000010111101000010000100111111000011000010000011000001000100111101000000000011111111111101000000000000000000000001000000000000111110000011111110111100000010111110000001000010000000000010111110111100000001000000000011000001000010000001000011111101111110,
000001000100000010111001111100000000000100111010000001000100000000111011000101000001000000111011111011000101000010111011000000111011111100000100000100111111111010000000111100000101000010111101000011111101000000000000000010111100000001000101000101111011000001000000111110000100000010111111000100111010111101000010000100000100111100000110000100000000000011111110111100000010000010111111111101000010000101000011111100111100000101000100000011111011000100,
000000000000000001111111111111000000000001111111000001000001000000000000000001000000000000000000111111000000000000000000000000000000111111000000000001111111000000000001000000000000000001000000000000000000111111000000000001111111000000000000000000000000000000000000000000000001000000000000000000111111111111000001000000000000000000000000000000000000000000000000000000000001000001000000000000000000000000000000000000000000000001000001000001000000000000,
000001000000111111000000000000000000000000000000000001000000000000000000000000000000000000000000000000000000000000000000000000000000000000000000000000000000000000000000111111000001000000000001000001000000000000000000000000000000000000000000000000000000000000000000000000000000000000000000000000000000000000000000000000000000000000000000000000000000000000111111000000000000000000000000000000000000000000000000000001000000111111000000000000000000000000,
000000111111000000000000000001000000000000000000000000000000000000000000000000000000000000000000000000000000000000000000000000000000000001000000000000000001000000000000000000000000000000000000000000111111000000000000000000000000000000000000000000000000000000000000000000111111000000000000000000111111000000000000000000000001000000000000000000000000000000000000000000111111000000000000000000000000000000000000000000000000000001000000000000000000000000,
000000000000000000000000000000000000000000000000000001000000000000000001000000000000000000000000000000000000000000111111000000000000000000000000000000000000000000000001000000000000000000000000000000000000000000000001000000000000111111000000000000000000000000000000000000000000000000111111111111000000000000000000000000000000000000000000000000000000111111000000000000000000000000000000000000000001000000000000111111000000000000000000000000111111000000,
000001000000000000000000000000000000000000000000000000111111000000000000000001000000000000000001000000000001000000000000000000000001000000000000000000000000000000000000000000000000000000000000000000000000000000000000000000000000000000000000000000000000000000000000000000000000000001000000000000000000000000000001000000111111000000000001000000000000000000000000000000000000000000000000000001000000000000000000000000000000000001000000000000000000000000,
000000000000000000000000111111000000000000000000000000000000000000111111000001000000000000000000000000000000000000000000000000000000000000000000000000000000000000000000000000000000000000000000000000000000000000000000000000000000000000000000000000000000000001000000000000000000000000000000000000000001000000000000111111000000000000000000000000000000000000000001000000000000000000000000000000000000000000000000000000000000000000000000000000000000000000,
000000000000000000000000000000000000000000000001000000000000000000000000000000111111000000000000000001000000111111000000000000000000000000000000000000000000000000000000000000000000000000000000000000111111000000000000000000000000000001000000000000111111000000000000000000000000000000000000000000000000000000000000000000000001000000111111000000000000000001000000111111000000000000000000000000000000000000000000000000000001000000000000000000000000000000,
000000000000111111000000000000111111000000000000000000000000000001000000000000000000000000000000000000000000000000000000000000000000000000000000000000000000000000000000000000000000000000111111000000000000000000000000000000000000000000000000000000000000000000000000000000111111111111000000000000111111000000000000000000000000000000000000000000000000000000000000000000000000000000000000000000111111000000000000000000000000000001000000000000000000000000,
000000000000000000000000000000000000000000000000000000000000000000000000000000000000000000000000000000000000000000000000000000000001000000000001000000000000000000111111000000111111000000000000000000000000000000000001000001000000000000000001000000000000000000000000000000000000000000000000000000000000000000000000000000111111111111111111111111000000000000000000000000000000000000000000000000000000000001000000000000000000000000000000000000000000000000,
000000000000000000000001000000000000000000000000000000000000000000000000000000000000000000000000000001000000000000000000000000111111000000000000000000000000000000000000000000000000000000000000111111000000000000000000000000000000000000000000000000000000000000111111000000000000000000000000000000000000000000000000000000000000000000000000000000000000000000111111000000000000000000000000000000000000000000000000000000000000000000111111000000000000000000,
000000000000000000000000000000000001000000000000000001000000000000000001000000000000000000000000000000000000000000000000000000000000000000000000000000000000111111000000000000000000111111000000111111000001000000000000111111000000000000111111000000000000000000000000000000000000000001000000000000000000000000111111000000000000000000000000000000000000000000000000000000000000000000000000000000000000000000000000000000000000000000000000000000000000000000,
000000000000000000000000000000000000000000000001000001000000000000000000000000000001000000000000000000000000000000000000111111111111000000000000000000000001000000000000000000000000000000000000111111000000000000000000000000000000000000111111000000000000000000000000000000000000000000111111000000000001000000000001000001000000000000111111000000000000000000000000000000000000000000000000111111000000000000000000000000000000000000000000000000000000000000,
000000000000000000000000000000000000000000000000000000000000000000000000000000000000000000000000000001000000000000000000000000000000000000000000000000000000000001000001000000000000000000000001000000000000000000000001000000000000000001000000000000000000000001000000000000000000000000000000000000000000000000000000000000000000000000000000000000000000000000000000000000000000000000000000000000000001000000000000000001000001000000000000000000000000000000,
000000000000000000000000000000000000000000000000000000000001111111000000000000000001000000000000000000000000000000000000000000000000000000000000000000000000000000000000000000000000000000000000000000000000111111000000000000000000000000000000000001000000000000000000000000000000000000000000000000111111000000000000000000000000000000000000000000000000000000000000000000000000000000000000000000000000000000000000000000000000000000000000000000000000000000,
111111000000000000000000000000000000000000000000000001000000000000000000000000111111000000000001000000000000000000000000000000000000000000000000000000000000000000000000000000000000111111000000111111000000000000000000000000000000000000000000000000111111000000000000000000000000000001000000111111000000000000000000000000000001000000000000000000000000000000000000111111000000000000000000000000000000000000000000000000000000000001000000000000000000111111,
000000000000000000000000000001000000000001000001000000000000000000111111000001000000000001000000000000000000000000000000000000000000000000000000000000000000111111000000000000000000111111000000000000000001000000000000000000111111000000000000000000000000111111000000000000000000000000000000000000000000000000000000000000000000000000000000000000111111000000000000000001000000000000000000000000000000000000000000111111000000000000111111000000000000000001,
000000000000000000000000000000000000000000000000000000000000000000000000000000111111000000000000000000000000111111000000000000000000000000000000000000000000000000000000000001000000000000000000000000000000000000000000000000000000000000000000000001000000000000000000000001000000000000000000000000000000000001000000000000000000000000000000000001000000000000000000000000000000000000000000000000000000000000000000000000000000000000000000000000000000000000,
000000000000000001000000000000000000000001000000000010000000000000000000000000000000000000000000000001000000000001000000000000000001000001000000111111000000000000000000000000000000000000111111000000000000111111000000000000000000000000000001000000000000000000000000000000111111111111000000111111000001000000111111000000000000111111000001000000000000000000111111000000000000000000000000000000000000000000000000000010000000000001000000000000000000000000,
000001111110000010000000000000000000000000000000000011000000000010000010000000000000000001000001000010111110000001000010000000000010000001111111111111111111111111000000000000111111000001000000000000000010111111000000000001000010000000000001000000000001000001000000000000111110000000000000111110000010000000000000000000111110111111000010111110111110000001000000000001000000000000000001000000000000111110111110000010000000000000000000000010000001000000,
000010111010000110111011000000000010000110111111000110111110001000000011111011111111000000000101000101111100000100000000000000000100000110111001111101111101111010000000111101111100000110111100111101000011111110000001000110000010000011000100111101000011000010111101111011111010000000111100111011000101111111111101000001111101111101000101111001111011000010111001000101000001111110000100111101111110111010111011000011000010000010111100000100000010111001,
000011111000001000111001000001000010000111111111001001111100001011000011111101000000000010001001000111111100000100000000000000000101000000110110110111111110111000000000111011000000001001111010111100000101111100000010000110000011000100000100111101000010000010111010111000111001000000111011111001000110111100000000111111111100111100001000111010111100000010110111000111000010111110000100111100111101111000111010000010000010000011111001000110000001110110,
000011111010000011111110000101000010001001000000000101000001000110000100111101000001000000000000000110111001000111000100111111000010111110111101111001000000111011000000111110000010001011110110111101000100111000000100000101111111000101000110000011111101000010111101110111111010000001111011111101000010111111000011000010000001111100001001000000111111000011111001000010000001000000000010111011111001111101111011000010000000000101111110000010111101110111,
000110111000000110111101000111000011001111111111000111111100001010000011111100000100000010000011000110110111001100001001111110000011111110111100110110111111111000000001111110000000001111110011111011001010110010000110001000000000000011000111000101111110000001111010110100110110000000111001111000000100000000000010111111000001111001001110000000000000000001110111000000000011000000000010111000110011111001111001000010000000000111111101000010111100110100,
000101110100001010111000000001000100001111111110001011111100001111000001111000000100000101000110001100111101001000001011111110000110111111111011110010000000111100000100111001111111010010110000111000001110111010000101001011000101000111000110000100000001000100110110110101110101111001110110110110000001111011000100111110000001110101001100111101111100000011110111000110000100000010001010110100110011101111110110000001000000000111111101000110111010110010,
000111111101001000111000111100000100001001111010000000111101010010000000000000111111000110001001000101000100001101000101000011001000000100110000110011000010111100111101000111000100111101111010000011000111000001000101000110111100001000111011000011111110000110111110111110110101000000110101110100000111111011111111000000111101000101010000000101110010111110000110000110001000111011010001111100111101110101110011000010000011000101111010000011111111111011,
000111000000000111110100111100000110001000111011000000111111010100000001000000111111000110001111000011000100001010000011000011001000001010110010110010000011111011111011000110000101111101111100000011001000000010000110001101000000001010111100111110111111000110111001000000110101000000110010110011001010111011111110000001111100000100010000000011110001111101000110000111001011111001010010111101000011110110110011001010001011000100111001000111000010111111,
000110110111000101111101111011001010001011111000010010111010001000000011111110111111000110001011001000000100010001000101000101000010001110111000110010000001111001111100000010000100111111110110000000001000000010000110001011000010001000000001111110000001001000110110111010111110111110110100111000000010000011000000111101000000000000010001000000110001111111000000001100000110111100000100111011111110111000110111000101000100000000111001001011111101110110,
111011111101111010000001111010000010000010000001001101111010111100000001111001111110000000000011000011000011111111000100000000000101000110111011111001000111000010000100110111111110111111000111000100000000000010000001000000000101000011111101000101000000111101000000000111000010111010000100000010111110000101000000111111000001111111001110110100111110111110000001010001000011000000111100111111110101000001000000111001000011111110000000000000111110110111,
111100111001111100110101111010111110000101000011000100111110111101000010000000000000000011000100111111000010111100000100000111000101001010111010110011000101000000000101111110000000111111000100000011111010111101000101001001000000000001111010000110000001111011111100000101111111111100000100111100000111111110000010000101111111111100010000000100111110111000110110001000000111111110111110111011111010110011110001111011000101000100111011000010000000111110,
111111111101000001110100111010001001001000111110111110000100000010000000000110111011000110000001000001000110000111000100000110000000000011000000110101000101111011000010111111000100111100111011000001111001000001000111000110111011001100111101000101111110000001111101111100111110000110000000111010000011111100000110000111001000111101010011000101111001111010111100111111001001111111000001000000111101110011110100111111000100001000111110000110000000111111,
000110111011000111110100111011000111000111111111111111000101010000000010000100111110000011000010000100000100001000001011000100000000000110111101110010111100111101000000111111000100111101111000111000111101111110000111000110111011001011111110000100000010000011111101111010110010000011111000111011000010111101000110000101000110111101001111000100111001111101000010000000000100111111001010000001111110111000110110001111000011000111000000001011000000111101,
000111111100001100111011000101000110010110000001001110111101001110000100111000111111000011000010001000111100001110001001000000000100001110111010110101111000111101000011111101111011001010110110110111000100101111000101001111001010000011001001000010000111000100110101111011110101111101110101111101000111111100000000111001000000110100001110110011110110000101111111000111000000111110000101110110110011111011111001001001000100010000000000010000111111110000,
000111111000001000110100001000000110001011000010001100111000001100000101110111111110000011001100000111111010001100000110000001001000001111110011110010110011111101000001110111111000001011110011111001001010110100000100001011001110000101001000111101001110000101110111111011111001111110110010111000001011110111111101111001111001110101001010110011110010000101111100001001000000111001001001110101110111110110111011001010001010001110111110001110000100110100,
001000111001001001110111001001000110001010000101001101111010001011000111110110111111000100001011001000110111001100000100000001000111010000110110110011110101111010000100110101110101001010110001111010001100110011000110001001010000000100001001111101010000000110111000111011110110000000111001110111001010110011111101111010110101110101001000110101110110000111111100000111111111111010001100110111110110110101111001001010001011001101000000001100000011111001,
000111111000001000111011000101000010000111001001001010111010000111001000110101000000000011001001000101111000001000000011000001000111001011110101110110110101111100000011111001111001000111110111111100001010110111000100001000001010000011000111111100001101001000111001111100111010000000111011111011001000110101111101111010111000110111000111110111110101001000111101000111111110111111001001110100111000111010111110001000001011001001000001001000000010110111,
000100111010001000111100000001000010000110000010000111111100000111000100111001000000000100001000000111111010001000000000000011000101000111111100110111111001111011111111111011111001000110111100111100000100111011000101000101001001000011000101111110000100000101111001111101111001000000111010111011000110111001000000111111111001111001000101111100111000000101111011000011000011000000000110111000111111111011111100001000000111000101111100000110000011111000,
000001111100000101111100000000000001000101111111000101111101000101000001111011111111000011000101000100111011000100000001000010000011000011111101111011111100111101111111111101111110000100111101111100000011111101000100000101000111000001000011111110000100000011111100111110111100000010111011111101000100111111111110000000111100111101000100111011111100000011111100000100000010000000000101111100000000111100111100000100000101000001111110000011000010111011,
000000000000000001000001000000000000000000000000000001000000000000000000000000000000000000000001000000000000000001000000111111000000000000000000000000000001000000000000000000000000000000000000000000000000000000000000000000000000000000000000000000000000000000000000000000000000000000000000000000000000000000000000000000000000000000000001000000000000000000000000000000000000000000000000000000000000000000000000000000000000000000000000000000000000000000,
000000000000000000000000000000000000000000000000000000000000000000000000000000000000111111000000000000000000000000000000000001000000000000000000000000000000000000000000000000000000000000000000000000000000000000000001000000000000000000000000000000000000000000000000000000000000000000111111000000000000000000000000000000000000000000000000000000000000000000000000111111111111000000000000000000000000000000000001000000000000000000000000000000000000000000,
000000000000000000000000000000000000000000000000000000000000000000000000000000000000000000000001000000000000000000111111000000000000000000000000000000000000000000000000000000000000000000000000000000000000000000000000000001000000000000000000000000111111000000000000000000000001000000000000000000000000000000000000000000000000000000000000000001000000000000000000000000000000000000000000000000000000000000000000000000000000000000000000000000000000000000,
000000000000000000000000111111000000000000000000000000000001111111000000000000000000111111000000000000000000000000000000000000000000000000000000000001000000000000000000000000000000000000000000000000000000000001000000000000000000111111000000000000000000000000000000000000000000000000000000000000000000000000000000000001000000111111000000000000000000000000000000000000111111000000000000000000000000000000000000000000000000000000000000000000000000000000,
000000000000000000000000000000000001000000000000000000000000000000000000000000000000000000000000000000000000000000000000000000000000000000000000000000000000000000000000111111000000111111000000000000000000000000000000000001000000000000000000000000000000000000000000111111000000000000000000000000000000000000000000000000000000000000000000000000000000000000000000000000000000000000000000000000111111000000000000000000000000000000000000000000000000000000,
000000111111000000000000000000000000000000000000000000000000000001000000000000000000000000000000000000000001000000000000000000000000000000000000000000111111000000000001000000000000000000000001000000000000000000000000000000111111000000000000000000000000000000000000000000000000000000000000000000000000000000000000000000000000000000000000000000000000111111111111000000000000111111000000000000000000000000000000000000000000000000000000000000111111000000,
000001111101000010111110000001000000000011000001000010111111000100000011111101000000000000000001000011111101000011000010000001000001000010111110111101111101111111000000111101111110000001111101111111000010111101000010000010000100000011000011111111000100000001111110111111111101000000111101111101000010111111000000000000111110111100000011111111111101000001111110000010000000000000000010111110111111111111111101000011000010000011000000000101000000111101,
000000111111000001111111111111000000000000000001000001000000000000111111000000000000000001000001000001000000000010000001000000000001000000111111111111111111111110000001000000000000000000111111111111000001111110000001000010000001000000000000000000000011000001000000111111111111000001111101111110000000111111000000000001000000000000000010111111111111000001000000000010111111000000000010111111111110111110000000000001000011000010000000000010000000111110,
000100111000000111111111000101000101000111000000000110111010000101000110111000111101000101000100000110111001000111000101000010000100000111111010111010111001111011000000111101111010000110111001111100000111111000000110000110000111000000000011111010000101000011111100111100111010111110111010111001000111111001111100111101111000111011000011111001111001000100111100000101111101111101000110111001111010111010111011001000000110000111111111001000000010111010,
000010111100000011111100000000000100000100000010000100000000000100000001111100000010000001000100000100111100000011000001111111000001000100111011111110111011111101000010111011111110000100111100111101000100111101000010000011000010000010000101000000000011000010111101111101111100111111111011111011000100111100000000111110111111111111000011111011111101000010111111000001111101000000000110111011111011111100111101000010000011000100000001000101000000111010,
000100111000000110110111111011000100001110000000001101000000001100000010111011000011000001000011000101111011001011000011000000111110000011111001110110111000110110111111111011000000001101110001111101000101110111000000000111000011000111001101000100111111000110111000110110111010000010111000111100000000111001000101000001111110111100001010111011111000000101111101000000111110000011001000110101111011111001111111111110111111001010111111000111111100110101,
000100111101000000110101111100000111001010111101000100111110010001000010111111000110000100000111001010000010001101000100000100000000000001110101111001111111111001111011111111000100000000110101111110001000111000000000001000111110001101000000000111000000000101111110111100110110000010110110110101000101111001000110000011111110000101010001000000110111111111000100000101000001111100000101110011111011110100111001000010111111001001111011000111111101110010,
000101111011000111110010000000001011001010000000000010111101010001000101000000000101000100000101000001111110001011000010111100111101111010111011110110111011110110000011111101000000000111101110111110000001111000000110001101111011000100001010000100111100001000111001110110110001000100111000111001000010111001001010000010000011000000001111000000111110000000000000000010000001111101000101110110111110000000111001000001111100001000000000001000111001101101,
000101111101001010110101111100001101001001000101000011000000001010000010000001000100000111000110111110111011001110000000111001111101111001000000110001111001110011001001111100000001001110101100000001111111111001001100001100111010000010001100000000111000000011111101111000110011000111110010111110000000111111001011000101000101110001010000000000000000001100111111111110111111001000000001110110111101000001111111000001111101001101000110000101110110101111,
000000111101001000110110111011000000001110000100000011000000001011000101000011000000000010001001000000111000001100000101110110000010111011000000110001111110111100001000111101000010010010110001000000111110110110001001001010111010000111001100000000111100000001111100111011110010000100110111111011000001111111000111000100000100101111011000000011000000001010111011111110111101001000000011110100111011111110111000000010111101000111000100000001000011101100,
111111111101000110111001111100111111010100000010001101111101001011000010111111111110000100000010000100000000001101000101111011000100111100111111110101111100111100001001111111000001001100111001000100000000110111001100001101111101001010000101111110111011000111110001110101111000000011101101110111000001000010000111000000000100111010011000000000000000000010111011000100111111000010001001111101110111110111110011000101111101000100000001001000000010100000,
111110000000000110111011000001000100000110111100000010111111001100111111111000000010000110111111111011000001010100000110111101000000111111111111101101000000110100001000111101000011001011111110000100000000111001010001000001110111000001000011111111000000001111111100000001101111000000101100111010000000000101000111000000000100000000000100000010111001000010111111000001000011000011001010111111110111110110000000111111111111001010000001000000111111101011,
000000000000111111111011111110000100000010110101000111000001000000000001110110000010001101111110111101000011000100001001111110000111000101000000101100000011101011001011000001000000001101000100111111111110110110011000000011111111000000001010000110111101001000111010000101111010111011110010111001000100000011000011111111000101000001001010111000000001000000000010000100000010000100111110110111111101000011000001111010111101001011111111111110111010101101,
111110111110000011111100000000000110000111111011001100000000111111000000110111000100001011111101000010000011000101000011111011001001000101111111111010000000110001001001000000000011001010111100111000000010110010001110000010000000000000000110000100111100000110110100111111111111000001110110111010000000000010111101111101000011111101000100110110000000000011111110000111111110000100000010110000111011000011000000111111111100000010001000000110111000100111,
111110111010000110110110000000111101000111000100001101000011111110111111111010000011001100000000000101000000111111111101111101000110001010111111000001000010111010001001111110000010010100000001111001000000111000001011000110000011000100000001000110111111111111100001111110111100111110111100000000000100000011111110111101000001110010000101110110000000001000111000001001111110000010000010110010110101000000000001111101111100000011000101001001111011110110,
000000110111000111111000111111000101000101000001001000000011000000111101000011111100001011111111000100111110111100000010000010000111001010000011000011000100110111000011000000000100011001000011111100111111111100001101000111000000001001000011000101000001000010100011000000111011111111111010000010000100000101111101000001000010110100000110111010000010000011111100001000000011000000111111111110110100000011000101111110000010001000111101000011111010000000,
000001111001001010111111000001000011000001000000000110000100000000000001000010111011000101111110001011111011111100000100000000001001000110000100000100000000110000000110000000000011011111000101111110000101000000001111000111000000001010000111000101000111000000110111111100111011000000000000000011000101000000111011111111000001110110000110111011000001001100111110001000000110001001000000000000110110000110000101111111000100000001000000000110110111000000,
000111110111010010000010000010000000000000111101000001001000111111000010000001111101001010000000001111111101111101111100111101000101111111000010000111111101110100000000111111000000010010000101111011000111000010001100000110000001000111000011111111000101111100000000000000111100000000000010000000000110110111111010000010000000111001000010111011000100000100111111001001000110000111000000000000111001000011000100111110000000111111000000001000111001111010,
000101110101011111000000000001111100000100000000000011111000111011000101111101110001001111000001011001111101111010111011000000010010111100000000001010111101110111000010000100111111001010000011110100001000000000111101001100001001000011000000000001000111111110110001111101110111111011000000111010001001000000110111111111000000111011000101111000000000011011000000001100000101000011111110000001000010000000000011111111000111000001111100000111000000110000,
001000110011010100000000000000111100000001000011000011110010000000000010111111110100001100000010011011111101111100111011111111011010111101111100001001111101111011000010000010111100010000000000110011001011000000000001010010001010000001000001111010001011111100101100111010111001111110000010111010001001111100111000111111111110110010000110110011000000010101111110001000000110000001000000000100000000000000000001000001000101000001111111000100111101110100,
001000101111001011111111000001000011000101000101000100110001000101111110000000111001001100000001010001111110000000111110000000010101111111111011000111111100110000111111000000111110001111111000110010010111111110010001001101001000000001011000110010010010111111101100111100111100000000100010000000000110111100111000111111111101101011000101110011111000010110000000000110000011000001000000000010111101111110000011000100000011001010000010000011111100111110,
000011110011000110000001000100000011000010000101000100110100000110000100111110111010001000000100001011111111000001000001111111010000111111111011000101111110110001000000000000111101001010111000110110010011111111001010000111010000000010010100110100011111000000101111111111111111000010101110000000000101111011110111111010110110110010000100110110111011010100000010000111000011000100000001000001111101111111000010000110000011001010000110000100111011000000,
001100111010001110111111111110000110000010000000000000111110000111000011000000000101000111000010000010111000000000111100000010000001111110111111000000000001110010111111000000000000001001111101111000000111000000001010010000001110000000001011000000000101000011111101111101111000000000110010110111001000111101000011111111000001101001000101000000111101001110111101000110000010000001000001000001000001111011000010000001001001000111000000111111111100111110,
000001000000001001110010111101001000001011000000001011000001001000000000110110000101000101000000111110111010001001111111000010111110111110111111111110000000110101000001110111000000001000110110110111000000111011001000001011000110000010001011000100000001000111000001111010111100000111111000111011000101110111000100000101000100110100001001000101111111001011111111111110000000111111111111111000000011111010111111000110000101001100000011000010111110000000,
000000000001000010111010111110000001000011000000000010111111000010000000111100000011000010111101111110111011000110111111000011111110111110000010111111000010111101000000111100000000000011111100111101000000111111000100000010000011000001000101000011000000000001000001111011111100000100111101111111000011111110000000000001000001111000000111000100000001000100000000000000000010000000111110111011000010111101000000000001000011000101000011000000000000000001,
000000000000000000000000000000000000000000111111000000000000000000000000000000000000000000000000000000000000000000111111000000000000000000000000000000000000000000000000000000000001111111000000000000000000000000000001000000000000000000000000000001111111000000000000000000111111000000000000000000000000000000000000000000000000111111000000000000000000000001000000000000000000000000000000000000000000000000000001000000000000000000000000000000000000000000,
000000000001000000000000000001000000000000000000000000000000000000000000000000000000000000000000000000000000000000000000000001000000000000111111000000000000000000000000000000000000000000000000000000000000000000000001111111000000111111111111000000000000000000000000000000111111000000000000000000000000000000111111000000000000111111000000000000000000111111000000000000000000000000000000000000111111000000000000000000000000000000000000000000000000000000,
000000000000000000000000000000000000000000000000000000000000000000000000000000000000000000000000000000000000000000000000000000000000000000000000000000111111000000000000000000000000000000000000000000000000000000000000000000000000000000000000000000000000000000000000000000000000000000000000000000000000000000000000000001000000000000000001000000111111111111000000000000000000000000000000000000000000000000000000000000111111000000000000000000000000000000,
000000000000000000000000000000000000000000000000000000000000000000000000000000000000000000000000000000000000000000000000000000000000000000000000000000111111000000000000000001000000000000000000000000000000000000000000000000000001000001000000000000000000000000000000000000000000000001000000000001000000000000000000000001000000000000000000000000000000000000000000000000000000000000000000000000000000000000000000111111000000000000000000000000000000000000,
111011000001111110111011111011111100111101000011000100111101111110000000000000000100111110111101111011000010111101111111000011111101000110111101000000000011000100000001111100000011000100000000000011111101111011000000000110000101000000111101000011000011000001111111000010111111111101000010111111000111000000000010000100000011000001000110000000000000111111000010000000000001000010000001111010000011000000111111111101111110000001000010111111000100111101,
000001000000000011111101111110000000000011000001000101111110000000000000000000000001000000000000000000000000000000111111000001000000000011111101111110000000000000000001000000000010111111111110111110111111111010000011000111000010111111111111000001000101000011111111111110111100000000111110111100000011111111000001000001000001111111000101111111000000000010111101000101000010000000000010111111111101111101111101000011000011000011000000000011000011111011,
000000111101000001000000000000000000000000111100111110000001000011000011000011111111000100000100000100111011111101111111000010000110000001000001000101111110111010000000000001111101000000000011111001000100111110111110000000000101111101111111000100000011000000111100111011111010111110000000111001000000000011111011111100111110000100000101111110111101000000111011000110000001000011111011000100000000000010000101000100000101111101111111000101000000111111,
000011111100000001000000000100111111000001000100000001000000000001000010000000111011000011000000000000111100111110000100000000111111000101111101110001000011111111111110000000000100000010111100111111000101111001000010000000111101000101000111111110111100111100111100111101111101000111111011111100000100111010000101000000000000111110000000000000000000111111111101000111000001111101000001000000111011000001111010001000111011111100111111001000111101111010,
000011111101000100111111000001000100000111000010000111000101000110000010111100111110000111111111111111111010000000000000111010111111000100111001111001111100111001111110111111000010000110111101111101000101110111000100000110111001000101001101000010111000111100111101111001111100000111110010111001000101111110001011000011000101111011000000111111111111000000111110000101000010111111000100111001111010111111111011000100110111111110000001001001110101111001,
000100111011001001000001000011000000001000111111001010111110001010111111110110111011000001000000111100000000000001000001111100000001000001110111110111111100111010000011111111111111000100111111111011000100110111000011000100111100000001001010000001000000000010000000111011000000000101111010111010000110111010010011000011000110111001000001000010000001000010000001111110000010000000000011110101111000000000111010000100111111111111000010000110000000111111,
000101111001001101000100000011000000000100111101000100111100001010000000111100111101000110111110111100111110000010000010000001111110111100000000000010000000111011001000000101000001001000000000111010111101111110000111000111111001000001000001111101111011000000111011111111111001000110111101111101000000000001001010000110000111110110111100000110000110001111111011111101000100000011000010000000111101000011111101000011111100000010111011000100111101111011,
000101111101000101111100111100000000000011111100000000000001000001000001111100000011000011111111000001111100000111000000000000111110111111000001000010111111111011001001000101000101000000111111111101111111000011111111001000111000000011111111111111111111000110111000000000111001000111111000111100111111000011010010000101000111111110000000000000000010001101111101111111111110000100000000000000000001000000000000000000111010001001111100000010111010110111,
000001111111001000111101000000000000000000111101000000111111111111000100000000000000000011111111111111111111000110000000111101111110000000000011000011000010111011000110000011000011111110000100000000000011000001000000000100111000000110111111111110111011000101111101111101000000000100110100111111111011001001001000000100000101111011111110000001000010001111111100111101000000000011111010000001111110000000000011000000111101000110000000111101000000110101,
111100111101001101000000000010111111000010000000000001000000000100000001000001111110000101000000111011111101000110000011111011111011000000000010000001111011111101000011000000000011000100111110000000000101000000000110000101111001000111000000111101111001000000111010111001000000000100110010000000111011001000000101111111000111111011111011000100000010001011000000111011000000000001111111000011111110111101000010000101111110000011000000000000000000111001,
111100111101000111000000111111111101111111111100000011000000000111111101000001000000000011111111111010111011111111000010111011000000000010000011111111000000000000111101111101000100000100000010110111111101000000001011000001111101000110111011111111111010111101111110111101111001111100110101000000000000000111000000000000000111111011111101000010000011000111111111111101000111000010111011000110000010000000000100000000000000000011111110111110111010111001,
111110111110000001000001111101111110000010111011000010000001000101000000000011111110000100000000000000000000000000000110111100000001000000111111111110111111111101111110000010000101000011000001111000111101111111001100000110111110000100111110111110111000000010111110111100111001111111111001111001000011000101000000000001000011000000000100111101111111000001000011111101000101000000000011111110111101000000000000000010000000000101000000000000111001110100,
111101111100001000000100000000000000111101000010111110000010111111111110000000111101001100000011000010000111000100000101111101000011000011000001111011111011111101111111000011000101000000111111000000000000000011001010000011111110000000000000110111111011000011111011111101000010000011111100000000000010000000111111000000000101111101000010000001000010111111000001111110000000111110000001111100000000000000000010000011000000000010000001000001110111110010,
000000111011000111000000000011111110111011000111111110000101000000000000000000111101001111000100000100000100000000000000111101000100000010000011111011111111000010000100000000000000000001111110000000000001000100001010000000000000000000111101111000111011000001111110111101000101000001111100111111000000000011111011000000000010111100000110000000000110000010111110111110000100000010000000000000000001000010000010000000111110000010000000000001111000111001,
000010111110000101111111000010111111000000001001000000001001000000000000000001111111001010000011000000000001000000000101000000000000000010000110111011111101000010000000000001000001000000000001111011000010000010001001000100000000000110000000111101111110000100111101111010000100000101111010000000000010000110111111000000000001111011000001000000000100000100111111000000000100111110111111000000000000000010000100000000111111000010000000000001111100111110,
000001000000001001000001000000111011111111000110000000000000111011111110000101000000000010000010000011000010111110000100000100000010000010000101111100000000000000000000000001000001000001000011000000000000111110001001000001000001000100000001111110000100001000111110111010000011000100111111000001000001000100111101111111000011111000000100000000000100000001111111000010000011000000000001000010000000000000000000000000000000000001000000000000111110000001,
000011111010000111000010111110111101111011000000000001000000111000111111000101111111000010000000001001000001111001111100000000000111111111000011000001111111111110000000000011111110111111000100111100000011111110000110000001000000000010000001111110000100000101000001111100000000000010111110111111000000000011111001111100000010110111001001000000000100000100111011000010000001000001000001001001111100000001000100000000000010000001000001000001000101000001,
000010111011001101000000000000000000111100000100000100000000111011000100000001111110000000000000010100000010111100111001000000001010000000111110000100111111111111111101000000000001111111000000111100000000111101000000000000000001000000000110000100111111001101000010111100111100000100111110000010000010111111111001111101000000111000001101111101000001000101111110000010000001000000111110000101111100111110000101000000000010000000000001000010000110111111,
000110111100010000000011000001111111111010000011000111111101111111000001000110111111000000000010010011111110111011111110000101001110000111000000000010000000000000111100000100000011000101000011111110000101111010000011111110111111111011000011000010111110000111000101110111111111000001111110000011000101000011111111111110000000111110001010000000000010000000000001000000000000111101111011000011000000111101000011000010000101111100000000000000000010000000,
000110111111001101000000111100000000111010111110000001000011111111000010111111000000000101000000010000111010111110000000000001001110000000000010000101111000111110000011000001111010000101000010111011000111111110000100111111000000111110000101000010000000000101000111110110111111111101111110000000000000000000000010111011000001111111000101111011111100111111000000000001111011000011111110000000111101000010000100000010000000000011000100000000111100000001,
000100111100001011000000111110000010111110000000000000000000000000000100111000000010111111000000010010111101000000000001111100001000000000000010000000111001111111000111000001111000000001000001111101000100000000000110000011000010000000000010000001000000000010000100111001000001111101111110111101111111111111000011000000000001000000000010110110000000000000000000000000111001000001000010111111111100111101000000000010111111000001000111000010000000000000,
000111000000001110111110000100001001000001000110000100111111111010000101111010000101000001000011001000111001111111000000111110000110111110000000000000111000111101000111000000111100000010111110111011001010000000000000000100000000000011000001111100000110111111000101000100000001000010000000111111111110000110000100000011111100000011000111111010000100000001000000111011111101111111000110111111111010111111000000000111000000000011000010000000000001111100,
000100111110000101111111000001000101000011000101111110111000111011000000111110000001000110000101111111000000000000000000000011000001111000000000000110111111111011000000111111000001000110000000111011000000111101000100000011001010111111000100111110000011111011000100000011111011001000111101111100000000000010000100000000111101000011001001000000111011000011000000111110111110111110000011111000000000111111000001000101000110000001000001000000111010111011,
111111000001111101000100111101000010111110000001111001111111000001000010000110111101000010000010111111000000000011000011000011111111111010000110111100000101111010111011000010000101111110111010000010111010111111000001000000000101000000000101000110000001111101000001111101000000111100111110111100000001000001000100111010111111111110000111000101000000111100000010111110000011111111111110111100000110111110000001111100001000111110000001000000111110000011,
000000111011111101000010111110000000000000000000111011111111000000000100000010111011000011000010000010111101000100000001000110000100111101000100000001000001111011111010111110000101111100000000000001000000000010000100111110000101111100000100000011111111000011000000111101111010111101111101111100111111000010111111111011111110111101000110000001111100111111111110000100000001000010000000111111000011000011000000111110000110111111000000000001111101000011,
000000000000000000000000000000000000000000000000000000000001000000000000000000000000000000111111000000000000000000000000000000000000000000111111111111000000000000000000000000000000000000000000000000000000000000000000111111000000000000000000000000000000000000000000000000000000111111000001000000000000000000000000000000000000000000000000000000000000000000000001111111000001000000000000000000000000000000000000000000000000000000000000000000000000000000,
000000000000000000000000000000000000000000000000000000000000000000000000000000000001000001000000000001000000000001000000000000000000111111000000000000000000000001000000000000000001000000000000000000000000000000000000000000000000000000000000000000000000111111000000000000000000000000000000000001000000000000000000000000000000000000000000000000000000000000000000000000000000000000000000000000000000000000000000000000000000000000000000000000000000000000,
000000111111000000000000000001111111000000000001000000111111000001111111000001000000000001111110000000000000111111000000000000000000000001000000111110000000000001000000000001000010000000000000000000111111000000000000111111111111000000111111111111111111000000000000000000000001000000000001000001000001000000111111000001000001111111111111000000000000000000000000000001000000000000111111000000000000000000111111000000000000000000111111000000111111000000,
111100000011111101111100111100111001111101000110000110111010111101111001000100000110111100111010111001000101111101111110000100111011000110000000111110000110000100000000111010000101000011000011000100111101111100111110000100000110111101111100000011000010111110000010000100000001111100000100111111000110111111000100000111000111000011000010000011000100111110111110000001000011000011111011111011000011000100000001111100111110111110000001111101000100000001,
111101000010000000111111000001000000000000000101111111111010000001000001000100000011111111000000111100000010111100000001000010111111000111000001000010000100000001111101000000000101111011000010000001111111111011111111111111000011111101111101000100000110111101000101000001111101000000000001000000000010111111000010000000000011000000000001000111000011111110111110000100000001000000111110000100001000111110000000111111000001000000111011111110000100000100,
000101000000000110000010000101111111000101000111000000111000000101000000000001000000000001000100111111111101111110000011000010000100000111000010111111000011000010111100111110000010000110111101000010000011111001111111000010111110000000000010000001111101111011000000111101111011000011000000111110000010110111000101000000000011111000000000000000000010000111111101000100111110111011000000000001111100111011111110000100000000111100111111000011000011000000,
000000111110001010000000000111111001000001000011001000000000000100000010111101111101000100111101111110111101111111000000000000000011000110111100111011000000111101111100111010000100000101000001000001000000111110111111001000111110000110000100111110111001111100111010000000111111000111111110111011000110111010001000000110000110110110111111000000000011001011000000000010111011000010111100111100111110000110111011000010000101111100000001000100111101111011,
000010111110001110000001111110111011000001111111000001000110000011111111000001000000000001111100000000111110111111111100111100111111000001000000111111111111000000111111111010000111000011000000000001111100000000000100000011111000000000000110000000110011000010111011111001000000000111000000111000000000111010000111001001001000111011000001000000000000001101111111000001111110000100000000111100111110000000000000000010111100111101000111000011000000000000,
000000111111001100000011000001111100111111000000000001000000000001111101111111111111000000111111111110000000111101000000000010111101000010000010111111000000000000111111111110000111000011000010000001111101111111000011000000110011000000111110000000111100000011111001000000000000000110111111111010000000000000000111001001000011000000111100000011000010001110111110111111000000000101111001000000000000000110000100000011111010111100000000000000000000111101,
111100000000001110000000000000111101000000000011000110001000000010111111000000000000111111111110111100000010000101000011000010111110000011000100000000000010111110000001000000000100000110000001111111000000000000000010000110110111000111000010111110111101000000000000000011111100111111111110111001111111000000111111001010000001000000111001000000000101001100111101111111000000001000111100000000111011000100000010000000111010000000000000111111110110110110,
111101000000001101111111111111000001000000000001000000001001000000000001111111000001000000111101000001000001000100000100000000000000000001000011000010000000111010000000000000000100000000000000110111000100000011000000001110111011001001000000111101111111000010111101000000111101111101111011111010111110000011000000001000000101000001111110000000000010001101000001000000000001000101000000000001000000000100000011000000111110000000111111000001110111110101,
110110000000001100111100000001000000000000111111000010000101000001000001000011000001000001111100111110000000000000000001111101000000111111000110000010111110111010111111111010000001000001000010111000000011000001000000001001111000001001000001111011111011000000111011111101111110000001111101111111111111000010111101000100000011111111111110000010000011001111000000000000000001000110000000000001111111000110111110000000111100111111111110000000110101110101,
110010000001001000111110000011000000000000111101000000000001000000000000000111111101000001111011111111111110111111000010111110111111111111000011000001111111000000111111111011000011000000000000000000000000111111000011000110000000000111000010111110111100111011000000111100000000000000111110000000111110000001000000000000000001111111111111001000000010010001000000000000000111111101000010000110000001000100000000000010000001111111111101111110110111110110,
110110000100000011111110111111111111000011111110111110000001000001000011000000111110000100111101000000111110111101000111111101000000000001000000000001000000000010111111111100000011000101000000000000111101000000000001000010111110000011000010000000111101111110000010111111111111000010111010000010000000000001000000111110000001111111111111000110000100001011000000000000000100000001000000000010111110000000000011111110000000000000000001111101111101110010,
111111000011000000111111000000000000000011111110111110000000111111000001000011000000000111111100111111000010111111000101111011000001000110111110000000000010000000000000000001000010000110111110111110111010000000000111000000000001000100111100000000111011111100111111000000000001000011111011000001000010000010000000000000000000111101000000000000000011000100000011000000000010000001000100111111111101111111000101000000000010000001000011111110000010110011,
111100000010000011000000000000000001000000000000111101000011111111111111000010000001001011111110000010000010111111000000110111111111000100000001000011111111000000000000000001000001000010111110000000111110000100001001000000000010000101111110000000111011111100111111000001000010111101111100111111000101000011000000000001000010111101000010000000000011000000000000000000000101000000000011000000000000000000000101000000000001000100000000000000000001110101,
111111000000000010000000000000111111000000000110111111000110000010000000000011000000001010000000000010000010111110111110111100000001000010000101000111111110000010000000000001000001111111111110000001000000000110000101000000000010000011111110000001111110111110111110000010000001111111111111111111000101000010000010000011000010111100000011000000000010111111111111000010000111111111000000000000000011000100000101000000000010000001111010111110000000111010,
000010000000001010000000000000111110000000001000000000000100000000000000000010000010000110111101000011000010111101111110000000000100111100000001000101111101000100000000000000111111000001000000111110000000000101000011000100000000001000111111000001000000111110111110111111000100000000000000000000000001000000000001000010000011111110000000111100000010000000000000000000001000000000000011000000111101000010000000111111000000000001111100111101000010111111,
000110000000000111000000000000000100111111000011111111000100111110000000000000000010001001111110000101000100000000000000000100000100111100000000000100111010000000000000000000000000000011000000111111000000000001000110000000111111000011000001000000000011000000111110111001000110000010000001000000000010000000000011000001000010000010111110111110000010000000000000111111000101000001000001000010000001111101000000000000111110000001111110000001000001111111,
000101111101001000000000000000000010111010000000000000000100111111000000111110000000000011111100000101000001111111000000000010000000111111000010000010000001000010000000000001000000111110000000111110000001000000000100000001111110000000000011000000000000000001111100111001000001000010000000000000000101000000000000000000000011000101000110111110000001000011111011000000000001111101000011000010000000000000111110000000111101111111111110000000000000000000,
000001111110001001111100000000111110110111000100000001000000111010000000111111000000111101000000001000000010111101111110000001111111000000111110000000000000000001111101111111111110111111000010111100000000000011000011000101111110000011000000000010111110000011111010111100000001111111000000111110000001000000111110000000000011000101000011111110000000000011000000111111000100111100000001111111111111000000111110000001000000111111000000000000000001111010,
000001000010001010111111000100000000111111000011000000111100000000000100111111000000000010000000001010000000111111000011000000000000111101111110000001111100111111111110000001000000000100000010111110000100000011000010000000111100000000000000000100000010000010111110111010000001000000000000000100000000000011111111000011000001000111000000111111000000000011000011000000000101000001111111000001000000000000000001000011000011000000111111000000000000111010,
111111000100001000000001000010000000111001000001111010111111000000000100111110000000111110000010001001111111111101000110000001000110111101000000000110111011111110111110000011111111000110000100111101000101000101111111111101000000111100000000000011000011000001000000111001000001000000111101000011000001000001111100000000000000001000000010111111111101000011000001000100000000000101111100000100000100000100000001000110000010000101000000111110000000000001,
111110000000000101000000000011111100110111000010111000000000000001000000111111000000111011000000001000000001111111000110000100001000000000000000000110111101000000000101000100111011000110000001000001000110001000111111000000111100111011000000000011000000000000000000000000000101000000111111000001000000000010111110111111000000000100111110000001000010000011000011000011111111111111111100000010000100000100000000000101111111111101111111111011000000000101,
000000111011000110000011000001000000110111111101111010000011111011111101000000000001111111111110001101111110000000000111000000001000111111000100000110111000111110000101000001110111000001000110000000001100001001111100000000000000111110000000000010000100111111000110000010000000111100111110111110111101000001000011111101111010001101000110111110111111000001000001000001111011111111000000000111000011000101000001000000000000111001000100110101111111000010,
000000111110000011000110000010000010111001111011110111000100111010000000000100000010000110000001000001111110111100000000000011001000111001000010000111111100000000000001000100111011000001001011000000001010000111000000111100000000111100000001111110000010111001000110000000111011111111000000000010110110000110000010111100111000001100001001111100111111000001111111000000111110000001111110000111000010001000001000111110000000111001000001111001111001111111,
111111000011000001000100000001000011111101111011111000000000000000000000000011000010000110000000111111111100111101111111000000000110111101000111001001000000111111111101000000000000000001000010111111000100000100000100000000111110000000000110111110111101111100000100000101111110111011000001001000111010000000000001111110111001000111000110000000111111000000000100000110111111000100111100000010000011000011000110111000111111111011000100111110111000111111,
000100000010111111111111000001000010000001111101111001111011111111000011000110000010000101000011000101111010111101000000000110000110111100000111000110111101111110111001111100000001000011000001111111000100000001000110111110111111000010000001111111111111111111000101000010000011111111000011000001000000000101000000111101111011000010000110000100000001111110111000000110000000000110000000000010001000000000000111111100000101111110000001000001111001000101,
000000111110000110111100000011000100000011000101000010111100000101000010111110000001000011000101000001111011000101000000000000000100000001111011111110111100111110111101111011111100000100111101000001000110111101000011000101000000111101000010000000000100000100000000000001000000000101111010111110000011111110111100111100111100111101000001111011111111000100000010000000111100000000000101111101111011111101111110000100000101000001000011000100111101111010,
000000000000000000000000000000000000000001000000000000000000000000000000000001000000111111000000000000000000000000000000000000000000111111000000000000000000000000000000000000000001000000000000000000000000000001000001000000000000111111000000000000111111000000000000000000000000000000000000000000000000000000000000000000000000000000000000111111000000000000000000000000000000000000000000000000000000000000000000000000000000000000000000000000000001000000,
000000000000000000000001000000000000000000000000000000000000000000000000000001000000000000000000000000000000000000000000000000000000000000000000000000000000000001000000000000000000000000000000000001000000000000000000000000000000000000000000000001000000000000000000000000000000000000000000000000000000000000000000000000000000000000000000000000000000000000000001000000000000000000000000000000000000000000000000000000000001000000000000000000000000000000,
111100111101000100111001111110111011111110000100001000111010000000111100111111000110111101111011111100111110111101111011000000111101000101111101111101000011000110000000111000000001000111111101111101111111111000000100001001000100000110111110000101000111111110111101000001111100111111000000111101000001111100000101000011000100111110001001111110000001000001111110000101000000000001000011111010111110111111111101111111000011000010000000111111000101111010,
111101000001000010000001000101000000111010111111111110000010111110111110001000111110000000111011111000000011111110000010111101111111111111000001000011000011111101111111000101000011000000000011111101000010111111000100000000000011111110000000000100000001000000111110111110111101000011111110000010111100000000111011000000000000000010000000000101000011000100111011000011000101000101111011000010000011000010000011000100000100111011000000111110000011000011,
000000111110001000000010000000111110000010000000001001111111000100111110000001111111000000111111111101111010000011111110000000111101000100111101111101000000111011111011111110000010001000111011111100000011110111000000000100111101000000000110000010000001111110000001000001111010111111000001000010000001111001111111000110111111111111111101000000000000000011111110000010000010111011111111111101111111111111111101000111000011111111000011000101000100111100,
111100111101000110000001111100111111000001000010000101000000000010000000000000111100111101000000111111111011111101111101000001111001000101111101111101000011000001111110111011000000000010000000111111111101111111111011001000111001111110000000000001111111000000000001000010000000111110111110111100000100111111000000001001000100111100000000000000000011000001000100000011000000111111111011111110001001111011111110111110000100111000000110000001000000000000,
000010111101001100000001111111111011111111000101000010000001000100000000000010111110000010000000000001111101111100000001000001111011000001000000111001111111000011000000111010000000000010111111111001111101111110000011000010110110000000111110111110110101000000111111111110000010000001000011111010000010000001111110001101000011111011000000000100000011000100000011000000000100000000111111000000000011111100000000111110000001111100000100111110111111000000,
000000000011000101000000000011111011111100001000000011000000000111000000000000000010000011111101000000111100000000000001111101111100000000000010111011111101000001000000111111000000000011000010111011111111111100000010000100110011111111111101000000111010000000111111000001000000000011000010111110111111000100000000001110000001111010111100000100000011000101000001000000111110000101111110000001111111000000000000000100111101000001000001111010111101111111,
000000000010000000000000111110000011000011000011111101000000000000000010000000000100000000111101000000111101000000000011000001111011000011000100111100111111111111000000000010000001111111000010000001000000111111111101001000110011111011000001000010111101001001000101000000111101000011111111000000111110000001000000000110000000111101111111000010000001000011000010000000111011000011111110111111000000111011111010000011000000111110000001111110110101000001,
111011000001000000000000000000000011000000000000111100000000000010000001000010000000111101000000000000111110000000000111000000111100000001000001111101000000000000000001111111000000111100000101111111000010000000111011000111111000111101000000000000111100001010000001000000111101000110111101000000111111111111000000000000000001000100000001000000111111000011000001000000111101000010111101111111000001111101111101000000000010000000111111000000100111111111,
111010000001000010111111000100000010000010111110000000000011000001000011000101111101111101000000000000000000111101000110111100000000000000111111000000111111111110111110111011000010111110000011111101000000000000111101000001111101000000000010111110000000000011000000000000111101000100111101000000111111111111111110000000000010000101000001000000111110000100000011000001000010000100000001111111000000000001000000000000000010000000000000000000110101111110,
111011000010000011000000000000000001000000111101111110000011000000000000001001000000000000000000111110000000000000000011111001000000000000000011000000111111111110111111111111000011111111000001111100000001000000111110111101000000000011000010111110111111000000000010000001111110000100000000000100111110111101111111000000000010000010000010000010000000000101000000000000000110000110000100000010000000000001000011000001000011000010111110111011110100111100,
111111000010000001000001000001000001000001111110111111000000111011111111000001000000111111000000111101111101111111000000111110000000000011000100000001111101111110111111000000000010000010000010111110000001000001111111111101000000000001111111111111111101111111000101000011111111000101000001000011000000000000000100000001000001000000000010000010000100000011111110000000111111000100000011000001111110000000000111000000000000000010000000111110110100111011,
111110000000000000000010000001000100000011111110111011000010000000000000000001000000000000111111000000000000111110111100111010111011000100000010000001000000000000111111000000000010000110000001111111000000000011000001111110000001000000111010000001111101000000000010000010111111000001000000000000111111000011000100000011000000111111000000000011000010111111111111000001000000000000000100111111000010000000000101000000000001000001000010000000111101111011,
111101000000000000000010000101000100000011000000111101000011000000000000000000111110000001000000000001111110000000111100111110111010000011111111111101111111000001000000000011000001000001111111000000000000000001000001111111000001000000000000000000000000000000111110000000111101000000111110000001000000000011000001000001000001111101000001000011000011111111000000000001000001000000000001000000000001111111000010000010000001000000000000111011111111111111,
000000000000000000000000000001000000000001000001000001000100111110000000000010111111000000000010000001000000000000110101111011111110000011000000000000000010000001000000000011000001000010111111000010111111000000000000000000000010000100000000000011000000000000111111000010111111000011111110111101000000000001000010000100000010111111000001000010000001000000111111000001000101000000000011000001000001111111000000000011000000000010111110111011000000111010,
000000000000000101000000000000000000000000000001111111000100000000000000000000000000000000000001000010000000111111111000111111111110000000000000000010000000000000000001000001000010000100000000111111000000000000111111000100000011000100000100000000000000000000000011111110000001000111111111111111000000000010000000000101000010000000000011000101000010000001111110000000000010000000000001000010000000111110000000000000111111000011000000111101000000111011,
000011000000000110000000111110000100111101000100000000000010000000000011000000000000000010000001000100000010111111111011111101000000111101000011000100000010000001000000000000000010000101111110111110000000000001111110000000000100000100000001111111000000111100000100111101000011000011000010000000000000000101000000000010000000000000000001000001000000000001111111111111000100000000000001000001111111111111000001000001111111000010000000000000111110111110,
000011000000000011000000000000000100111010000011000010000010000000000011111111000000000101000001000000000010000000000001111011000000111110000001000100000101000001111110000000000000000000111110000000111111000001000000111101000000000010000001000000000000111110000001111011000011000100111111000000000001000000000010000010000001000000000100000000000000000100000000111111000010000010000000000000000000000000111111000010111110000000000000111111111111000000,
000011111101000101000000000011000000111000000100000010000100000000000010000000000000000011000000000101000011000010000011111010000000111110000100000000000001000000111011000000111101000011111111000000000000000100000111000011000001000001111100000000111111111101111110000000000001000000111100111110000001000000000001000010000001000011000010000000000010000110000000111110000001000000111110111101000000000011111101000001000000000000000010111011000001111110,
000010111110000100111111000100111110111011000000000000000100000000000001000000111110000101111110001000000001000010000010111001000000111100000010000000000010111101111101111110111011000110111111000001000011001101000111000011000010000010111111000000000000111101111101111101000000111110111111000010000000000011000001000110000000000101000000111100000001000100111110111110001000000010111110000000111110000100111111000001000010111110000000111011000000111111,
111110111110000110000000000000000000111001000011111111000001111110000010111101000100000001111101001111000010000000000000000000000010111100000000000110111100111100000000000001111111000001000000000000000000001000000011000011000001000100111111000100000011000001111011111101000000000000111011000000000001000001111110000111111111000111000000111011000000000010111101111110000101000001111101000001000001000100111111111111000000000010000010111000000011111111,
111111000000000101000000000000111101110010111111111101000000111110000001000000000000000000111110011000000001111111000100000011000100000000000000000110111110111110000000000001111101111101000000000010111111001110000000000001000010000010000000000010000010000001111010111100000011000011000000000000000010111110111101000011000001001000000001000011000000000100111111000000000000111110111100000010000001000011111101111110111111111110000001101011000010000000,
111101111010000100000000111110111011110010111101000001111110000000111100000000000000111111000000010011000011000010000111000000001010000100000000000111111100111100000001111111111010000011000101000100000010001010000000000010000100111100000000000100000010000000111010111110000010000010000000000000000000111011000000000010000000001101001000111111000000001001111111000000111100000000111010000101000001001001111111111101000000111010000101110000000001111110,
000000111010000010000001000000111010111000111011111011111111111100111101000101000101000000000001000111111110111111000110000010001011000011000000000111111101111111000001111110111001000111001010000000001001000111111111000010000001111011000001000000000010111101111111111110111111000000000000111011111001111101000010111111111010010011001110111000000011000110111111000000000000111111111110000101000000001011000011000000000011111011000000110101111101111110,
000011111111000010000000000001000100000011111100111001111110111111000000000101000101000100000001000000000000111110000000000101000100000010000011000111111100000010111111000000000000000100000101111101000011000010000010000000000000000010001000111001111111111100000010000011000011000000000000000101111000111111000111000000111000001001001000000100000100000100000000000100000001000111000001000000000001000100000011111010111111111111000101111001110111111111,
000100111010000001111100111110001000001000000000110111111101111101000110000101000110001000000101001001111000000000111011000111000110110111000111001110111001111011111100111100111100000010001000111111000111000011001000000101000100000010000001111100000000111101000000000100111110000100111011111111111100000001000010111110111011111110000100111111000000000101111001000100111110001001000101000011000101001000111111111100000111000100000001000000111011111111,
111101111011000100111100000101000101000001000100000010111011000100000110111111111111000110000101000011111010000011000001000010001000000000111100000000111011111101111110111011111011000101111111111111000111000000000101000101000100111001000101000000000010000100111110000000111100000110111011111100000010111110111101111011111100111101000101111011111100000110111111000001111001000011000101111100000000000000111111000110000110000000000100000101111100111101,
111111000000000000000000000000000000000000000000000000000000000000000000000000000000000000111111000000000000000000000000000000000000000000000000000000000000000000000000000000000000000000000000000000000000000000000000000000000000000000000000000000111111000000000000000000000000000000000000000000111111000000000000000000000000000000000000000000000000000000000000000000000000000000000000000000000000000000000000000000000000000000000000000000000000000000,
111111111111000001000001000001000000000000000001000000111110000001111111000000000000000000000000111111000000000000000000000000000000000000000000000000000000000001000000000000000000000000000000111111111111000000000001000001111111000001000000000000111111111111000000000000000010000001000001000001000000000000000000000010000001000000111111000010000010000001000000000000000000000000000000000001000000000001000000000001000000111111111111000000000000000000,
000101000000000101000000000011000000000011111011111101000000000101000101111110000100000100000100000110111010111111000001001000000010000011000011000011000010000000111100000000000000111110000000111110000001000000111111111101000010111110111101000000000100111111111100111001111100111111000000000000000000000010111011111010000001000000000110000101111100000000000010000101000000110111000010000100111111111011000001111010000110111111000011000010111111000110,
111000000010000001001000000010000011000000111101000001000000000000000010000000111110000010000000110111111100000011111101000100000011000010000101000101001011111101111000000010000010000001111111000011111100111011000001000011111011111111000110000010000001111101000000111111000011000011111110001011000000000000000001001000000100110111111101001001001010000010000000111111000100111011110101000000000011111100110110111100000001111011000110000100000001001000,
000011111010000101000011000000000100000101111101000010000000000000000001000011111111000111111111111011111000000011111111000111000000000010000011000110000010111110110011000000000011000000111010000011000100111010000010000101111011111011000111000011000011000000111111111100111100000000000000001010000000111001000000000110000100111100000010000100111110000000111101111111000000110110111101000100000000111101110101000000111111111010000001000011000101000011,
111100111100001100000101000011000000111101000101111111000001000000000010111100111111000111000001111111111100111101000000000000111100000001111110000101000000000100111100111111000000111110000000000001000010000001000000000011111010111011000011111110111010000010111010111101000101000000000000000001000000111111000000000101000100111101000001000110000000000001000000000001111011111110111100000000000110111001111001000000000010111001000011111101111011000000,
000000000000000111000000000000111011111110000100000001000010000010000000111100000100000000000000111111000000111111000000111110111110000000000000111110111110000001111101111111000010111111000000111110000000111111000110000110111111111100000000111110110110000011111011111110000001000010000000000000000001000011000000001101000011111001000001000111000010111111000011111111111101000000111010111101000100000000111011000000111110111001000001111100111111111111,
000000000000000011000000000000111101000000000100000000111110000011000011111110000010111110000001000000111110111110000000111110111011111101000010111110111110000010111111000000111110000001000010111110000100111111000111001000111000111011111101000000111010000010111100000000111101000100000000000001000000000100000000001101000000111100000000000111000001000010000001000000111011000010000000111101000110000000111001000011111110111110111110111100000001111111,
111001000000000001000011000000000000000000000001111011000000111111000110000010000000111111000000000001000000111101000010000010000000111101000010111111111111000000111111000010000000000000000011000001000010000000000010000011110010111011111111000000111101000100000001111110111110000100000001000100111111000010000000000100111111000001000011000000000000000110111111000000111111111111000000111110000100000000111110000001000100111111111111000000000001111101,
111000000010000000000100000001000101111111111111111110111111000011000001000010111111111101111111111111000000111110000100111101111000111111000011000000000000111111111111000001000001000000000011000000000000111111111111111111110101111011000000111111111011000001000100000010111111000110000100000011000000111110000001000001000010000000000001000001111111000001111111000000000000000101111111000000000011000000000001111110000111111110000000111111111100000110,
111010000001000010000001000010000001000000111111111110000000000010000001000010111100111110000000111110000000111101000000111011111010111111000011000000000000111111111100000000000001000000000001111111000000000000111111000000111100000001111100000001000001000000000101000000111101000011000001000011000000111111000010000001000100000000000010000011000000111110000000000001000011000100000001000001000000000001000101111110000100000000111101000000110011000101,
111100000000000011111111000000000000000000111011111101111111000000000010000000000000000000000001111110111110111110000010111101111111000010000001000000111111000000000000000001000010111111111101111111000010000010111101000000000000000000111010000010000011000000000010000000111110000011000000000001111111111111000011000001000011000000000001000011000001000000000010000000000011000001000011000000000000111110000100111111000100000000111011000010110001000010,
111100111111000010000001111110000010000000111010111101000001111111000000000000000010111110000000000000111111000000000001111111000000000001000001111111111111111101111111000000000001000010000010111111000001000000000000111110111110000000111000000000000000111100000100000001000000111111000000000010000000000000000100000001000001111111000011000011000001000000000000000000000001111111000100111110000000111101000100111110000010000000111111000000110110000010,
111111000000111110000000111110000010000001111111111111000000111111111110000101000001111111000000000001000001000000111111111101000000000100000000000000000010111110111111111111000010000011000000000001000000000010000000000000111110000000111000000000111111111011000100000001111110000000000001000001111111000000000100000001000001111101000011000001000000000000000001000000000010000000000011111110000010111100000001000000000010111110111111000010111010000011,
111110000000111111000010000000000001000010111110000000111111000000111110000100111111000000000000000010000000000000111011000000000000000100000001000000000110111111111111000010000001000010111101000000000000000001000000111110000010000000111110000000000000111101000000000000111100000000000000000000000000000010000101000000000010000001000011000010000001000001000000111111000001000000000011000000000001111111000000000011111110000000111111111101000010000001,
111100000000111111000000111111000011000100111111000010000000000011111100000001111100000011000011000011000000000000110111111111111111000001000010000000000100111111000001000001000001000001111110000000111110111101000010111111000000000000000010000000000001111100111111000000111111000001111111000000000000000010000110000001000001000001000100000010000011000000111100000000000010000010000000000011111110111110111110000011111110000011111101111011000000000000,
000000000001000000111111111111000000000100000010000010000011000001000000000000111101000001000010000001000010000000111010111111111110111101000111000001000010000010000000000001000010000010000000000001111111000000111111111110000000000000000011000000000000111101000001000000111111000110111111000010000001000001000110000000000000000010000011000000000001000100111100000000000000000010111111000010111110111111111110000011111110000011000000111101000001111101,
000101000001111111111111000000000000000001000010000100000000000010000000111110111110000000000100000010000101000000111110000000000001111110000101111110000001000100111111000001000010000010000000000000000000000001111101111010000000000000000000000001000000111100000110111111000000000011000010000001000000000010000011000000000000000001000100000000000000000011000000000001000001000001000001000100111111111111000000000001111110000011000000111110000001111111,
000110000000111111111111111110000100000000000011000011000001000000000001111111111111000000000001000000000100000000000000000000000000111010000100111111000010000011000001000000000100000000000000000000000000000010000000000000000000000000111100000001111101111110000011111110000100111111111110111100000000000000000111000011000000000000000011111110111111000000000000000010000011000001000000000110000000000011000000000000000000000000000000110111000011000000,
000100000000000011000001000001000001111101000011000000000001111111000000111110000000000000000010000011000001000000000010000000000001111011000100000000000000000001000010000001000000000001000001111111111111001000000000000011000000000000111000000000111101000000000011111110000011000000000000111111111111000000000111000001000010000001000010000000111101000001000000000010000001000000000000000000111111000000000001000010000001000000000000101111111110000010,
000011000000000001000000000000000000111011000000111110000000111101000000111110000000000010000000001011000001000010000010111111000000111100000010000000000011000000111111000010000000000110000000000000111111010010000000000001000100000000111011111111000000000010000001000001000000111111111101000010000000000000000000000001000010000100000010111011000000000000000000000010000000000000000000000000000000000000000000000000000011111110000101110000000000000001,
000000000000111101000000000000000000111010000011111010000010111110111101111110000010111111111111001110000101000001000000000011000000111101000001000000000011000100111111000100000010000001000001000011000000001010111111111111000001000000111010000001000101000011111111000010000001000000111111000101000001000000111110000010000000000000000100111111000000111110111110111111111110111101111101000001000010000000111101111101111110000000000010101001000011000011,
111111111111111110000000000010111111111000111110111100000011111110111110000000000011111101000000011001000001000011000001000011000000111111111111000010111101111101000011000101000010111111000000000000000000010011111110000011000001000010111110111111000100000011000000000000000000000000111110000000000000000000111101000000000001000000000011000010111001111101111110000000000000111111111101000010000000000000000000111111111110000010000001110000000000000001,
000000111111000010000010000111111110110010111011111110000000111100111101000100000001111111000000001100000010000001001000000001000101000010000000000001000000111100111110000010111110000010001010111100000000001110111111000000000000000110111101000000000101111100000000000000000001111110111110000000111111000011111111000001111110001110000011000000111001000011000000000000000100000000111101000100111110000000000001000001000001000001000011110000111011111110,
000000111000000010000010000010111110111000111000111101000010111001000000000100000000000000000001010111111011000000000100000000001011000011000000000001000000111001000000000100111010000100001101111110000110000101000000000010000010111101000000000001000010111101111110111011111110111101111111111101000000000001110110111110111101010100001111111101000000000110000000000100000010000100000000000110000000000010000100000011000101111111000100111001111010000000,
001000111100000101000111000011000100000100111110110101000110111000001100000110000100001010000000010100110111111110000000000100000011111011000010000101111101111101000011000000111010000000001100111100000100000000000110000000000100000000000000111110111111111011111110111011111111111101111111111111111110000011000100000000111100001111010001111010000100000101111011001000000010001111001000000010000001001011000101110111000001000001001001000001111100000001,
000010111011111100001011001010111111000001000000111001000111110110000000000101000001000101000011001010111000110110000000000110111011111101000011000010000000000100111110000010000010000001001110000000000110000010000001111100001001000000000101111101111011110111000001111100000010111000111100000000111000001011000110111101111010001110001111111110000000000110111010000001000000001011000000000001111111001110000110111011111110000100000000110111111010000000,
000000111001000000000010000011111110000011111111111011000001111011111111000001000010001001000010000100111101000010111101000110000000111001000000111111111100111010111101111111111100111110000011000011000011111111000011000100000100111111000100111111000001111110111110000001000010000000111100111001111100111111000000111001111011000011000110111101111000000011111110000100111101000100000010000000000001000110000000000000000100000000000001111110111111000010,
000000000000111111000000111111000000000000111111000000000000111111000000000000000000111111000000000000000000000000000001000000000000000000000001000000000000000000000001000000000000000000000000000000000000000000111111000000000000111111000000000000000000000000000001000000000000000000000000000000000000000000000000000000000000000001000000000000111111000000000000000000111111000000000000111111000000111111000000111111000000000000000000000000000000000000,
111010111001000000001000000000000000000100001000111101110110001001000000000000000010000001111110111000000000111010001001000111111001000110001000111101000110001001111000111111000110111100000110111011111001110111000010001010111000111011000011000110110110111110000001111111000111001001000110001000000110111010000111000110001001111001111001001001001000000000111000000111111101111110110111000100000000111110111000000111000111111010111101000010111001000101,
000100000000000100111100000010000101000011111010111110000000000000000100000000000110000100000100000001111010000001111101000100111101000000001000000111111110111111111111111101000101000100111101000011000000000010000000000000111100111011000011000010111111000001111010111100000100000100000000000111111111111100000101000000000101111010001000000100111010000000000000111111000000111110000010000110000010111101111111111011111110111110000111000011111100000011,
111000000000111100001011000000000110000001111111000001111101111110000001000000000000000001000000111000111111000100111111000110000000000010001001000110001010000000110100000011000101000000000100001000111101111101110101001010111011111001000101000100111111000000000100000000001000001000000000001100111110000000000011000110001011111010111101001110000111111101000000111100111100111000111000000011000100111010111001111010000000111010000111000001000001001011,
000100111010000010000010000000000000000000000010000001111111111011000010000000000000000110111101110111000001000011111011000001000100000000000000111110000011111111111001000000111100000010111111111111000001110111000011001000111110000000000100111110000010000000111111111101111101000100000000010001111101111111000000001010000101111100000000000010000001000100111010111111000000111110000000111110111100111010110111111111111100000100000001000011000011111100,
111001000000000110000101000000111110000000000110111011000100111010000010111001000000001000000000111101000100000000000001111111000000000000111111000001000000111101111011000011111111111011000000000100000010000100000110000010111111000001000110000000110101000101111100111100111110000101000001000110000000111010111110000100000100000000000100000111111111000111000000000001111101000100111011000001000000111111111100111111111110111100000010111110000001111110,
000000000100000000000100000000111110000010000010111100000010000001000000111011000000000011111111111111000000111111000001000000111100000000000000000000000000111101111011000000000001111101000000000011000000000000000100000010111101111100111111111100111010000110000000000000000001000110000000000100000010111101000000001111000001111101000000000111000001000001000100111101111010111111111110000000000100000000111100000000111001111111000000111111111010000010,
111101000000000001000011000000111110000001000011111011000000000001000010111011000000000011111111000011111111000000000011000000111111000000000000111110000000111111111110000011000000111101000100000000000001111110000110000101111101000000111101000000000001001000000001111111111111000001000000000011000000000001000000001110000010111100000001000010000000000000000010000000111101111101111110111111000011000010111010000000111110000000111100111100000100000000,
110110000000000000000001000011111111000000111101111010000010111111000011111111000000000001111100000011000000000000000010000000000000111000000011000000111100000001000000000011000000111111000101000000111111000000000001111110111001111111000000111110111000000100000001000000000000000010000011000100000000000000000000000001000001111110000011111111000000000011111110000000000000111110111110111110000000000010000010111111000000000000000000000001000100000010,
111100000000000000000001000000000001000000000000111100000001111101000001000000000000111100111101000001000000111111000000000001111001111101000000111111111110000000000000000011000000111110000010000010000000111111111111111111110111111110000000111111111101000001000100000000111101000000000001000000000000111100000100111111000011000000000001000000000000000010000000000011111110111110000001000000000100000000000000000000000000000000000000000010111011000101,
111110000001000100111111000000000010111110000000111111000000111101000001000000000000111111111111000000000001111110000000000010110111000000111111000010000000000000000000000011000001111101000010000000111111000000111110000100111111000001111110000000000001111110000011111111111110111110000000000000000000000000000001111111000011000000000000000010000001000001000001000010000000000000000100000010000000000000000000000001000000000000111101000010101100000001,
111101000000000010111101000000000000000000111011000001000010111111000000000000000000000000000000000000111111000000000011111111111101000000000001000001000010111111111111000001000000111111000000000000000000000001000001000000000100000000111100111111000011111110000010111110000001111111000010111111000000000001000011111110000101111101000001000101000000000011000010000000000001000000000010000000000000111011000010000000000000111111111111000011110011000001,
111110000001000000000000111111000001000000111110000001000001000001111110000011000000111111000001000000111110000000000010111101111101000011000000000000000100111101000001000010000000000010000001111111111111000001000000000001000010000000111001111111000010111011000111111111000000111101000001000000000000000001000100111101000010111111000010000001000000000000000011000000000011111111000000111110000010111101000001111111000000111111111111000000111110000010,
111111000010111111000000000000000001111110111101000000000000000010111110000100111111111110000001111111000000000000111110111100111110000011000001111100000100111100111111000001000000000011000000000000111110000001000000000001000000000000111001000000000000111010000110000000111110111111000010000000000000000000000011111101000011000000000001000001000000111110000011111111000100000011000001000001000100000000000001111110111110000000111111000000000001000100,
111111111111111111000000000000000000000000111111000010111111000100111111000000111110000000000000000000000000000000111001111101000000000101000011111110000101111101111110000000000010000011111111000000111111000000000010000000000001000000000000000000000011111100000000000001111110111111111111000000111111000000000100000000000011000010000011000001111111000000111111000010000101000001111111000001000011000000111111000000111111000000111110111110001000000011,
000010000010111100000001000000000001000110000000000000000011000011000001111110111111000100000010000001111111000000111010111100111111111110000101111111000101000000111101000011000000000001000000111111000001111011000011111111000001000011000000000000000010111011000000000010000000111111000000000000000000000001000101000010000001000010000100000010000001111111111101000010000011000010111111000000000000000000000000111111111111000000111110111100000101000001,
000001000000111101000000111110000000000100000001000001000100000000000001000000111111000011000011000000000010000001111011000001000000111111000110000000000010000011111100000001000110000000000000000000111111111011000001111100000000000011000001000000111110111110000000000010111110000100000000000000000000000000000011000000000000000101000100000000000000111110111101000001000001000001000000000010000000000001000000111110000000000000000001111011000100000000,
000101000000111101000000000000000001000010000110000000000000000001000001000011000000000010000101000000000011000000000000111111111110111101000010111101000010000000111111111111000011000000000010000001000000111110111110000000111111000000000000000011000000000000000001111111111110000101000001000000000001000000000000000000000000000011000010000011000000111110000001000000000000000000000000000100000001000000000001000000000011000000000000110111000001000001,
000101000001000000000000111111000001000011000110000000000001000000000001000000000000000011000000000000000010111110000001000000111110111001000000111100000000000010111110000000000010111111000000111111111111000110000000000000111110000000111100000010000000000000000011111110000011111110111110111110111111000000000010000011000000000110000010000100111110111110000001000010000011111101000000000101000000000000000000000000000000000000000000110100000001000000,
000010000000000001000001000000000000111110000011000000000000111111000001111111000000000000000000000011000100000000000010000000000001111100000010111101000010000101111110000100000010111111000011111111111111001100000001000001000000111111111010000001111101000110000100111101000100111111000000111111000000111111000010000000000001000101000011000010111110111110000000000001000001000000111110000011000000000000000001000000111111000001000010110001000000000000,
000100000000111110000000000000111100111010000001111101000000111100000000000000000000111111000001001011000000000000000000111110000000111111000011111011000100000011111110000010000001000000000000111111111101010011000000000000000011000000000000000001000000000110000011000000000001000000000001000001111111111111000000000000000001000011000010111110000000111101111110000100111111000011111101000001000001111111000000000000111111000000000011110100000000000000,
000011000001000000000000000000111110110111111111111101000010000000000000000000000010000010000000010100000001000000000000000000111111111111000001111100111111000010000000000100000010000000111111111100000001010001000000000000000010000001111101000100000010000101000010000000000011111111111111000000000001000001000010000010111111000000000000111011000000111100000001000000000000000001000010000000000001000001000001111101111111111111000101111001000001000000,
000000000000111110000000000010000000110011111111000000000011111101000000111110000100000001000000010100000000000000000000111111111101111111000011111101111011000001000000000010000001111111111110111111000011010100111101111111000000000011000001000011000010000010000000000000000001111110111100111111000001000000111111111110000000000010000000111101111001111100000000111111000010000010000100000001111101000010000010111101111111000000000100101101000011000010,
000000000000000010000000000100000001110011111010111110000000111011111100000000000000111101000010010110000010000000000001111111000000000000000100110110000010000001111100000111000000111100000111000000000001001110111010111010111111000011111101000011000101000100000011000000000010111111111110111111000011000011111101111111111111000101111110000101111001000000000000000000000000111111000010001011111101111100000001000010000001000000000011110101000000000010,
000000111101000100000011111101000000111111111011111101001000111010000000000011000000111111000001010111111100111111000010000001000011000000000001110100000001111011111111000011111010111110000100000001000011000010111111111011000000111110000000111111111111000010000000111111000100000000111010000010000100000100111010000000000000001101000001000010111101000001000010000010111101000001000010000001111101000000000000000010111111111110000011000000110110000001,
000000111100001000000100111101000001000010111001111001001100110101001001001000111101000010000001000101111110111100111011000011000110111100000000000010000000111001000000111110000000000000000001000010000001111011000010111111000010111011000001111001111111000001111101111111000011000011111101111110000001000101000000000000111111001101001001110100000110000010111111000110111110000000001010111111111101000000001001110110000001000001000101000000110101000001,
111111111010000100001001001101111101111111111111111000001001110110000011111111111110000001000001001110111010111100000101000110111111000000111101111010111000111111000000000100111101000001001000000000000111111110111100111101001000111011000100000011111010111100111110111100000010111001000000111010111001000100000001111001000000000101001101111010111110000111111011000110111011001000000000111110000011001100001011111110000001000000000110111001111001000011,
000001111010000000000011000000000000000010111111111011000011111010000000000011000000001100111101000101000000000010111110001011000000111001000000111111111111111010111100111110111011111100000011000001000011000001000011000001000010000000000011000001000001111101111101111110111111000000111110111011111110000000000000111000111110000110000101000000111001000000111101000110000000000010000000000011000101000100000010000000000110111111111110111111111111000011,
000101111011000101111100111101000011000110000100111100000010111011111110000101000001000010111111000101000100000111000011000100111101000110111010111101111010111010111011000000000100111011111010000000111011000010000100000010111010000100000001111100000011000011111100111100111011000100111101111001000110111011111010000100000011000100000100000101111100111011000110111011000010111010000101000111000110111100111010000110000101000101111101000010111011111011,
111110000001111100000011111010001000000110000000111010111100000010000110110111000110111111111111111010111101000011001101001001111011000110001000000101000110000110000001111100001001111001000000000110111010111000111011001001110111111100001000001010111001001001000011000111001000001001111110000100000111111100001000000101001000111001000010001000000001111010000001000010111001110110111101000010000111110111111010111011000001000010000010000111111010000110,
111111000101111111111101111101000000000000000001111111111100000000001000111110000100000011000010000101110111111111000100000100111100000011111101001010000010000101111111000001000000000000111100000101000011000001111100111100111110110101001010000100111101000100111111000010001000000111000011111111000001111100111110000000111111000110000001000110111011000000001000000001111111111011000100000100001000110110111110111111111100000000000010000011111010001000,
000010000101111110000110000000000000000010000011111010111010111110000011111101000001000010000111111010000000000001000001000010000000000011000000000000001001000101111011000101000000111101000010000001000100000001111000000010111111111110001000111110000101111111000101111110001101000100000010001000111101000010000001000000000100000100111101001110000001111010000000000001000001111011000011000101111100111101111000111000000010000001000000111010111101001110,
000001111101111011000000000001000000000001000101000000111001111100000000111101000011000001000001110110000001000001000001000000000001000000000000111101000011000100111110000010111011000011000101000000000010111000000000000101111111000001000010000000111111000000000001111111000000000110000100001111111111111111000000001000000111000000000000000110000011000111111100000000000001000011111111111111111100111110111101111110111011111101000010000001000100111110,
111011111110000000000100111100000001000000000010111100000010000000000001111110000000000011000000000000111111000000000001000000000010111100000010000001000011000000000000000000111010111101000010000010000011000010000001000100000000000000000011000000110111000111000000000011111111000110000000001001000010111010000000001010000000111100000000000011000011000100111110000011000000000011111101000010000000000000000000111111111110111100000001000001000100000001,
000000000100000000000011000000000000000100000011111010000010111101000000000000000001000100000010000101111110000000000001111111000000111110000001000000000011000001000000000010111011111100000011000000000100000010000000000000000000000001000001111110000000000000000001000001000000111110000010000100000000000101000010001011111100000000111111000100000001000000000000000000000000000010000000000000000100000000111110000000000000000001000001000001111110000001,
111100111110000010000001111111000000111111000000111100111111111111000000111111000011000000000010000011000000000000000010111111111011000010000001111110000001000010000001000111000000111011000110000000000000111101000001000010111010000001111111000001111110000011000000000001000011111101111111000000000000000101000010000001111111111111111111000011000010111111111101000001111111000000111111000000000011000000000000000000111110111101000000111111111100000001,
111010000001000000111111000000000000000001111101111110000000000000000011111111000000111111000000000010000000000000000011000000000000111101000100000000111101000101000010000100111111111100000110000001000001000000000000111110110110111111111111000000110101111110000010000010000001111111000001000001000001000001000101111101000000111110000001000000000010000000111101111111000000111111000001111111000101111110000011000000111010000000000000000010111100000001,
000000000011000010111110111110000000000000000010111111000000111110000001111111000000000000111110000010111110000010000001000010111110111100111101111110111111000010000001000000111101111011000001000000000000000000111110000010111001111111000011111101111101111111000001000000000000111110000010000000000001111101000001111110000000000000000001000011111111000000000000000011111100000000000010000000000101000000000001000010111011000001111111000011110101000010,
111111000010000001111100111111000010000001000000000000000000000001000011000001000000000000111101000001111110000000000000000011111011111101111111000001000011000000000000000001000000111110000010000010111100000000111110000001000000111111000010000000000000111100000001000000000001111111000000111111000000000001000001111111000011000000000000000110000001000100000001111110000000000000000010000001000010111111000000000000111110000001111110000011110100000000,
111111000100000011111101000000000000000000111111000011000001000111000000000010111111111111000000000011111111000001000001000001111110111111000000000100000001111111000100000000111110111111000001000010111011000010000000000001000010111101111101111110000011111101000100111111000011000010000011000000000001000101000000111011000100000000000010000011000000000000000001111111000001000001000000000000000001000001000011111111111111000001111111000000111011000010,
000000000001000001000000000010000000111100000000000010000000000100111101000000000000111110111111000001111110000001000010111111111010000010000000111110000010111100000000000010111111111111000000000000111100000001000001000010000000000001110110000000000011111110000101000000000000000000000010000010000000000010000000111100000000000000000011000011000000111100000000000000000010000000000000000000000011000000000000111111111111000011111110000000111100000000,
000010000011000001111110000001000011111110111111000010111111000100111101111111000000000000111111000000111011000010111100111110111011000101000010111100000010111010000000000000000000000011000001000000000000111110000011000010111111000001111001000001000000111110000100000011111111000000000000000000000000000001000001000000000000000100000000000010000001111100000000000010000001000001000001000000000001000000111110000000000000000011000000000010000001000000,
000010000100111110111111000000000010000000111110000010000001000100000000000000111110111110111111111110111111000001110111111101111110000101000011111101000011111110000000000010000011000001000001111110000011111101000000111111000010000000000000000011000100000011111111000011000000111111000000111111000000111110000100000010000011000101111111000010000001111110000000000000000000000000111111000000000100111111111110111111000001000010000000000000000000000001,
000010000101111111000011000010000010000011111111000001000010000001000001000000000000000000000000111010000000000000111000000001111100000001000101111111000001000011000000000001000011000000000011000000000001111001000000111110000100000000000000000010000000000000111110000010000000000000000000111111000010000000000011000000000001000011000000000010000000111101111111000010111111111101111111000010000100000001111101000000000010000001000010111111000001000000,
000011000011111101000001000001000000000011000011000010000001000000111111000100000000000011000011111101000010000011111110000000111110111100000011111011000000000100111111000000000010111110000011111111000000111010000010111101000000000010000001000010000000000001000000000000111011000010000000111110000000000000000001111111000000000001111101000011000000111010111111000100000001111111000000000010000010000000000000000001000010000000000001111100000010000011,
000000000010111111000000000000000001000001000111111111111111111111111111000111000000000010000100111011000011000001000001000000111110111011000000111101000011000001000000111110000011000000000011111111111110000000000000000000111111000000000000000011000000000001000010111111111010000010000000000000111110000000000000000000000010000000111110000010000000111100000000000100000000000000000001000000000001000010000001000001000010000001000000111101000000000001,
000001000001000001000101111110111110000011000100111110000000000000000000000001111111000011000000111111000110000000000001000000000000111011000001111011000110000010000000000000000010000000000010111111111111000111111111111110000000111101111011000001000001000011000000111110000001111110000000000001000000000011000010000000111111000011111100000100000001111100000000000011000000111110111110000010000000000000000011000000000000000000000001111100000000000000,
000001000110000010000010111111111111000011000000111110111111000000000000000000111111000001111110000110000001000000111110000000000011111110000011111011000001000011111111000010000100000000000001111110000000001010000000111111000000000000111100000011111101000100000010111100000101000010000000000010000000000001000000111111000000000011111011000010000000000000111111000010111111000000111111000001111111111101000000000000111110000000000011111011111111111110,
000010000010000001111111000000111111000000000000111101000000111101111111000001000000000011111110001101000000000000000000000001000000111110000001111011000001000001111110000010000010111100000000111101111111001011000011000000000011000001000001000010111111000100000001111110000011000000111110000001000011111111111110111111000000000010111111000010000001111110111111000001000001000001000000000010000000111111000000000000000001000001000100111011111111111110,
000001000000000001000000000001111111111100111101111111000000000001000000000001000000000011000000010101000010000000000000000010000000000000000011111100000000000001111111000010000011111110000000111101000001001100000010000000000011000000111111000010000001000010000000111111000011111101000000000010000011000001000001000000111111000000111100111110000001111110000001000001000010000001000000000000000001000010000010000000000100111100000011111101000000111110,
111111111111000011000000000001000000110100111110111101000010000011111111000100000011111111111111010101000000000000111111000001111100000011000110111011000000000100000000000010000010111111000011111111111110010010000000000000000001000010111011000111000000000000000000111101000011111111000001000000000000000001000001000000000000111101111010000001111000111110111111000001000000000011000010000001111110000000111110111111000001000000000100110111000010000001,
000000000000000101000000111001000011111001111110111110000111111101111100000001000011000000111010010110111110000000000010000010111111111110000111110111000000000000111111000101000001111111000011000000111110000110000000111100000010000000000001001000000000000111111110111101000010111101111110111101000000000011111101000001000011111111111101000100111000111110000000000010000000000000000010000010111110000011000010111011000000000000000111111110000000000000,
000000000000000101000011111111111111111100111100000001001101111010000001000100000000111111111110010110111000111001111110000010000001000001000110111001111110111001111110001001111100111011000010000010000011000110111111110110000100111011000001000010000010000011111101111100000001111010111110111100000011000101111110111011000000001100111110111110111100111101111111000011111110111111000100000100000000000001000111000000000001111010000101111111111011000010,
000000000000000110001000000101111111111111110101111101001100101101000010000000111011111110000010000110110111111010000100001000000000000001000010000000111111111010000000001001111111000000000110000000000000111111111011000000000110111011000000111100000000000001111110000001000011111000000011111110000001001001000011111011111100010100111110110110000011000000111100000110111110000100001000000001111101000010001101000001000001111111000101111001110100000100,
000000000000001000001100001001000001000110111100111100001010110100000011000010000011001000111011000000111000111010111101001001111110111110000000111100110011000000111100001000000000000000001011110111000110111110000101000001000011000101000000001010000010110111000100000101000001111001000000111010111011001010000101111111000000001011001001111010000000000010111010001100001001001101000111000001000010010000000111000000111101000000111111110111111011111101,
001000000000111110000111000001000001000101111010111000000101111110111011000111000101001010110110000100111001110111111011000011111011111000001001111011000000000000111110000111111101111011000111111111000001000000001000000100000010001001111101000011111111110111000110111110000100111001111111111110111011001001000110111110000000001000000000000000111100110110111001000111001011000110000000000111000101000101111010111100000011000011111100000011000011111100,
111110000100111011000011111100000101000011111111111011111011000101000000111010000101111100000001111110111100111010000100000101111011000100000100000110000100000101000100000011000100111100000100000011111110111010111001000101111011111010000101000101111101000100000101000100000100000100000001000100000101111100000100000011000100111011000011000101000011111100000010111111111001111100111101000101000101111011111101111110000011000010000010000010111100000101,
111011000010111011111111111100001000000010000010111010110111000011000111110100001001111101000000111000111011110111010000001000111110001000000010000110001001000110000000000000001000111010000111000101111001111001111001001011111010111001000111001001111101001001000110000111000100000100000001000010001011111011000010000001000100111001000010000111000000111001000000000011110111110101111001000101000111111010110111111011000111111110000011000101111110001000,
111001001001111111111100000000111110000001000001111110111011000001000000111110000110000001111100111111111111000001000100111111111101000111111101111111000100001001111100000011000000111010000001000000111110111101111111000001111011000000001100000011111011111110000011111101000111001000000010000100000000111101000000000001000010000010000000001100000000000000000000000110000010000000000010000000000010000001111010111101111111000000000000111010111010001101,
000000001000111100000000000001111100000001111101111011000010000100000010111111000110000000000010000000000011111100000000000001111100000000000010111111000011000011111001111101000000000000000000000000000000111111111111000111111010111111000101000010111101000000000100111110000111001000000001000000111110000001000001000111000100000001111101000101000000111101111100000010000001111101000000000010111101111111111010111100000000000100000000000000111001001110,
000000111101111110000000000100111111000001000101111110111110000001000000000000000100000010000010111101000001111110000011000110111100000000111110111111000010000001000000000000111011000010000001111111000001111001000010001100000010000010000001000010000000001001000001000000111111000110000000001001000101111110000000001000111111111010000010000010000011000100111110000000000010000000000010000001111111111010000001111110111101111110000010000000000100111111,
111100000000000000000000111101000010000010000011111011000010111111111101000000000010000110111110111111111111000010111111000000000011000000000101000010000000111110000111000000111011000000000110000011000010000010111111000000111001000001000010000010111100000111111111000110000000001100000011001011000001111101111101001100000000110111000000000010000011111101000000111101000000000000111101000001000011111010000000111110111111111100000010000101000011000000,
111101000001111111000001111111000000000001000001111011000010000000000001111111000000000011000000000010111111000000000000000000000010000000000101000000000000000001000101000011111001000000001000000000000011000010000000111101111010000001111110000100000001111100000001000010111110000000000000000100000001000000000000001000000000000000000011000001000001111110000001000010000010000001000000000001000110111111111111000001111100000000000001000001110111000110,
111111111101000001111110000000000000000001111110111111111110000000000000111111000000000000000000000000000000111110000001000001111111000011000010111111111111000101000010000011111011111111000110000000000011000000000000000000110101000000000000000011111011000000111101000000111110000001000001000000000001111101000001111111000000000000000011000010111111000000111101000000000001000000000001111111000011111101000000000000111011111101000000000001110011000001,
111111000000000001111110111111000000000001000001000010000000000000000010111101000000000000000000000001000010111110000000000000000010111100000011000000111110000010000011000010111101111101000101000000000010000000000000000011111010000000000010000000110010111100000000000000000001111110000010000000000001111101000010000000111101000000000011000010000000000001111110000000000000000000000001000000000100111110000000111111111100111100000000000000110111000000,
000001000111000001000000000000000000111111000001000011111101000001000101000000000000000000111111000000000000000000000000000100000000111011000000000000111110000001000010000000111110111011000010111110111111000000111100000000111110111111000000111111111101111101000011000010000010111111000001111110000010000000111111111111111110000001000000000000000000000001000000000000000000000000000001000001000011111111000011111111111100111111111011000010110111111110,
111111000110111111000000000000000000000000111110000101000000000100000100000100000000000000111110000010000000000000000000000100111110111100000000000011000000000000000001000010111110111011111111111111111101000010111111111111111111111111000000000000111110111101000010000001000010000000000000111011000010000000000000000001111110000000000010000001000000000011000000111111000000000000000000000001000011000000000011111111111111000001111101000010111110000001,
111111000110000001111111000000000001111110111110000100000010000101111111000001111111000000111101000010111111111111000011000011111111111111000000000010111110000000000101000011111010111100000000000001111101000001111111000000000001111111111110111111000010000001000011000011000001000010000011111101000011000000111111111101111100111111000011000001000000000000000000000000000000000000111111000001000011000010000100000010111101000011000000000000111110000010,
000011000100000010000010000000000011111110000000000001000001000011111001111111000000111111111101000000111101000000000100000001111100000001000001111111000000111100000011000010111100000000000000000000111101000000111111000000000000111111111010111111000000000100000101000001111111000110000101000000000010000010111110111101111100000000000010000011111111111110000000000000111111000000000000000000000101000001000000111111111101000001000010000000000000000100,
000010000100111101000000111110000000000000111100000010000000000010111000000000111111111110111110111111111101000001111011000001111110000110000011111100000110111011000011000001111100000001000001000000111110111101000000111111000001000000111100000001000001000011000010000000000000000001000010111111000011000010111111000001110100000100111011000000000011111110000001000001111111000000000000000000000101000000111010000000000000000000000101000000111111000011,
000000000010111101000000111111000000111110111010000001000100000001111111111111000000000000000000111110111100000001111000111111000000000100000010111111001000000000000011000010000000000001000001111111000000111010111111111111000101000000000000000101000010000100000000000000000000000000000001111110000010000011111111000010110111000000111000000101000011111111111111111111111111111111000000000011000100000000111011111100000011111111000010000100000000000011,
111110000011111101000001000001000000111111000000000110000010000000000001000000000010111101000000111001111110111111111001000000111111111110000010000000000010000010000100000000000100000000000111000000000000111010111111111011000011000011000001000011000001000100111101000011000000000001000000111110000001000000111111000000111101111110111000000010000000111111111001000000000000000000000000000000000100000101111101111110000000111111000001111111000000000001,
111011000010000000000011000010111110000000000101000101111111111011000000000011000000111111000000111000000011000000000000000010000000111000000000000000111110000010000001000000000101000001000101111111111111111110000000111101111101000011000000000011000000000101111111000010110111000000000000111101000001111111111110111111000000111100110101000011111110000000111101111100000000000001111111000000000010000011111111111101000000000000000001111111000010000001,
111011000011000000000110111111000000000000000110111101111110111110111110000111000000000001000000111101000011000001000000000010111111111101000000000010000001000010000001000000000011000000000111000000000000000110111110111111111111111111111111000010000000000001000000000001111000111111000001000011000001000000000000000000000000111110110011000101000010111101000001000000000001000000111110111111000000000011000010000000000000111110111110000011111111000001,
111100000110111111000101111011000000000010000001111101111100000000111111000100111110000010000001000000000111000001000000000001000001000000000000000011000010000000000000000011000100000000000001111111000000001010000000111110000000111101111011000001000000000010000010111101000000111111111111000010000001000000000001000001111111000010110011000100000010111111000001000000111110111110000000000000000011000000000100111110000000111101000010000001000000000000,
000000000111000000000011111011000000000100111111111110111101000000111111000011000000000100111111000100000100111111111111000000000100000000000000111110111110000000111111000011000011111111000000111101000000001001000000000000000000000000111111000000000000000000000011111011000111000000111111000101000011000010000000000000111111000011110110000100000010000000000001000000000000111110000001000100000000111110000000000001000010111111000011111111000000111110,
000001000101000000000000000000111111000010111110111110111110111111111111000011111101000010000000001100000011000000000010000001000000000000000000111111000001000000111111000001000011000000000000111101000000000100000000111110111101000001000010000010111110000000000000111111001001000010000001000101000001000000000000111101111111000100110110000001000000111110000010000000000000111101000000000011111110111100000000000100000100000001000001111101111110000000,
000001000010000010000001000000000000000000111100111101000010000000111110000000000000000001000011010111000001111101000011000011000001000010000000111111000000000000000000000010000011111111000000111110111111000101000000000000000000111110000000000001000000000000000000000000000110111101000000000010000001000001000001111110000000000000110100000000111101000000000001000010111111111111000000000011111111111101000010000001000010111111000100000000111110000001,
111110000000000101111111111111000000111101111011111011000001000101111101000010000001111110111011010110000010111001000000000010111110111111000000111101000010000110000000000000000000000000000011000000111110000101000011000000111110000000000000000011111111000001000001111101000100111101000001111111111111000011000000000001000101111101110100000000111001111111111111000011111111111111111110000000111111111111000000000000000001000000000100000000000010000010,
000001111110001000000000111111000001111010111111111010001001000011111011000100000010000010110111001110111111000000111110000011000000000000000011111111000100111111000000000111111110000000000000000000000000001001000110111111000000000100111101000001111110000101111011000000000100111111000000110111000001000010111100000000000100111011111011000010111011111110000000111111000011111101000001000001111110000010000000111110000011000001000010111101000000000001,
000001111111000011111110000010000000111001111011110101001010110110111111000001000001000000000001000000111001111100000000001000000000000011000000000000111111111010111100000111111101111010000000000001000010000110111111000000000011000000111100000001000011000000111000111100111101111011000000110100000000000001000000111100111101000100110111111010111011110110111111000001000100111101000110000010111111000010000100111101000010000000111111111110000001000000,
000011000011000101001010000001000110111110111000110110000001110101111110000011000001000010000010000000110110111011000111001101110111111111000011000110111110000000111101001110111111000000001101111010000000111110000100000000000100000011111111111111111111110101000000111010111111101110000001110110111101001101000110111110111100000110111101111010111111111100110110000101000110000001000101000000111110001011000000111001000000111110000011111011111010001000,
000000111111111110000111000100111111000011111011111011111110000001000011000011000101000101000000000100110100111000110111000110110111111101000000001100000000111111110011000110110101000010001000111111000001111100000000000100000010000000000001000011111111111110000100000100000001111010000000110110111001000000001011111111000011111110000110111011000101111001111001000001000010010000000000000100111100010000000010111011000000000000000101000000111001000101,
111101000000111010000111111011000010001000111100111001111011000110000110111011000001111110000101111111111111111111000011000110111010111011001000000101000100000010111111000111000000000001001001000100111100111011111100000101001100111101000011000100111100000010001000000100000000000000000011111100000011111011000000111011000101111001000101000100111011111010111100001010111011000011111010001011001000000101111111111010000111111100000011000101111010000100,
111101000100111011000100111100000110000100111110111010111011000110000010111010000110111100000001111100111000111011000101000110111100000101000100000111000101000111000100000100000101111100000100000001111101111011111001000101111011111011000100000100111011000101000100000101000101000101000011000101000100111100000110000011000101111011000100000101000011111011000000111111111001111100111100000100000101111011111100111011000100000011000011000011111001000110,
111100000010111001111110111100000111111111000100111101110111000001001011110100001100111100111110111000111100111001010011001000111011001001111110000110001001001010111110111101000101111100000101000001111001110111111000001101111101111001000111001011000010001010000000000111000010000001000010000000001110111100000010000101000011111010000010000011000111111011000001000001110101110101111011000010000110110111111001111000000110111110000010000001000011000011,
111010000111111001111110111011000000000110000001111011111010111111000000111110000111111110000000111110111001001000001000000101111011001010111100000000000100001010000000000001000000111000111101000011111010111110111001000100110111000000001000001000111101000010000010000001000001001000111101000001000101111100000000001000000010000010000110001010111110111100000000000010111111111100000010000011001001111100111000111101000100000101000010000001111001001100,
110011111110111010000110000101111101000001000000111111111110000111111110111111000111000010111111111000001000000011111111000001000000000001000000111101000011000101111000000011000001111111111011000000000000111110000001111101110110111110000110000000111010000001111110111111001010001111000011001010111101111111000000001000111111000010111110000011000011111111111111000111000000111110000001000010111110000001111010000000000000000000111111000000111110001111,
000000111110000001000100000011111100111111000001111010000000000001000000111101000010000010000000111100111111111110111111000100000000111110111100111111000010000000000100000000111010000000000000111111000101111101111111000110000000000001000000000100000001001101111111111110000011000111000000001000000000000010111111001001111110111101000010000000000011000000111111000000000001000000000110000011111110111011000011000000000000000000000000111111000100111111,
111111000001000001111011000000000000000010111110111011000011000011000001000000000001000010111010111111000000000100000000111111000101111110000011000010000000111011000101000000111110000000000010111111000000000000111110000000111011000011000001000010111011000100111100000001000000001000111111000110111110111011000000001000111101111100000010111111111111111101000011111101111111111110000001000011000100111010000010000000111101000000000000000100000001000000,
000011000011111101111110000000000011000001111101111101000001000100111111000001000010000011111100111111000000111111000000111111000011111100000101000001111101111111000110000001111101000001000011000000000000000000000000111100110111000000000000000010111000111111000000000010000000000110000001000001111111111000000010000110111110111110000000000001000000111101111110111111000000000000000001000010000100000000000000000011111100111111111111000000110101000101,
000001000011000000111101111110000000000101111100111101000000000010000000000000000001000010111110000000000001111110000000000000000000000000000001000000000000000000000010000100111001000011000011000000000011111111000011000000111010111111000011000001110111111110000000000001111111000101000000000000000001110111000000000001111010000000000000000001111100000001111110111111000000000001000000000000000001111110000001000011111111111111111110000000110111000000,
000000000110000001111111111111000000000000111111000001111111000001000001111111000100000000111100000010000000111011000001000001111101111100000001000001000000000010000011000001111101111111000011000000000000000000000000000010111011000000000010000000111000111101000000000000000000000010000001111111111110110110000000000000111001000011000010000010111101000001111110000000000001000000000010000011000011111110000011000000111101000000111111000000111001111111,
000001000101111110000001000000000001000000111111000001111110000010000111000000000001111111000000000011111111111110000001000100000000111100000000000010111100000000000010000001111100111011000010111101000000000000111110000001000000111111000000111111111100000010000000000000000000111110111111111101000011111101111110111111110010000011000010000001111101000000000000000000000000000001000011000101000011000000000001000010111101111110111110000000111110000000,
000001000100000000000011000000000000111111111110000001000001000011000100000010000001000001111101000000111101111110000101000010000000111110000001000010111111111110000011000011111110111011000010000000000001000000000000000000000000000000111111000001111101000001000001000001000001111100000000111101000010000001111111000000101111000000111110000010000000000000111111111111000010000010111111000101000011000000000011000001111110111111111111111111000000000000,
000000000101000010000000111110000000111111000000000101000001000001111011111110000000111111000000111111000000000000001000000100000101000001000001000100111100111011000011000010111101111101000000000001111110111110111111000000000010000000111100111111000000000011000011000011000010111110000000111111000001000011000000111110101101000000111111000011000000000000000000000000000000000000111111000001000100000000000011000000111110000000000001000000000000111111,
000011000001000010000001111111000001111111111100000011000100000000110111111110000000111111000000111111111110000000000001000101000110000100000000000000000000111001000010000011111010000001000000000000111010000000000000111111000100000001111101111100000000000001000011111110111111000000000010000000000000000100111100111110110000000001111110000010000000000001000000000000111111000011111101000000000100000010000001111011111100000010000011000010111111111110,
000000000000000000000000111001000000111111111011000000000011000001110111000000111101000011111111111101111101000001111001000100000110001001111111111010001000111110000010000010111010000011000001000001111000111111000001111111000100000000111110000001000010111111000000111111000000000001000000111101000000000010111010000010110011111101111010000010000100111101000000111111111111000010111110000111000011000010111010111110000000000000000000000000111101111111,
000000000000111011000001111010111110000000111110000010000101111001111011000000111110111111000011111101111011111111110111111111000111000010111111111010000110000010000001000001111111000000111110000001111011000000000000000000000011000010000000000000000010000000000000000000000001000000000000111110000000000100111001000100110111111110111000000100000100111101111101111010000010111111000001000111000000000110111001111101000011000011111110000000111111000000,
111111000000111010000001111011111111111100000010000001000000110101000001000001000000111101000010111100111110111101111111000001000011111110111111111110000011000001000100000011000001111111000110000101111110000000111101111101111111000001000010000101000000000101111111000011111011000100000000111101000000000000111010000000111001111110111100000010000011111111110101111010000000000000000001000010000001001010110111111100000011000000000000111101000011000010,
111010000001111111000011000000000000000000000111000001111111111011000001000010000000111111000001111000000011000010111110000000000011111011000000000000000011000010000001000001000011000000000101000001111011000000111110111101111011000001000000000010111110000010000000000011110001000010111111000001000000000000000001111110111111111101111110000100111111111110111110111000000001000000111110111111000000000100111100111101000000111111000000000000000100000010,
111001000100000011000101000010111111000000000101111110111110111111111110000011111111111111000000111011000101000000000011111111000000000000111110000001000011000011000101000001000100000001000100000000111101000111000000000000000000000000111110111111000000000000111111000001111011000010111110000100000001000001111111000010000001000001111011000100000010111111000110111011000010000000111110111100111111111110000000000000111101111111111100000100000000111111,
111110000010000000000100111111111110000000000000111111111101000001111110000011000000000000111111000000000101000000000010000001000010000001111101000101000010000001000010000010000000111110000000111111000000001101000001111111111111111110111111000000111110111111000011111111000001000001000000000110000010000000000100000010000000000011111000000100000011111111000100111010000000000010111110000000000000000000000001000000000010000000000000000000000000000010,
111101000010000000000100111111000000000011000000000000111111000001111111000001111111000001111101000010000100000000000000000001000011000010111101000101111101000001000011000001111111000000000000000000000000000111111101000010111110000000000000000001000001111101000110111111000100000000000000001010000010000000000010111111111101000001110100000001000011111111000000111010111110000000000000000101111110000000111110000000000011000000000000111111000011000001,
000000000010000000000001111101000000000100111001000000111111000011111111000001111111000010000000001100000010111110000000000000000011000001111110000110000000000011111101000010000000000000000010111110111101000010111110000000111010000001000000000000000000111101000000000000000101000001000010000110000001000001000000111101000000000010110011000010111110000000000000000000000001111100111110000100111110111111000000000011000010000001000000000000111111000000,
000000000010111111111111111110111111000110111010111011000001000000111110111111000011000000111111010010000010111101000010000001000010111110111100000101000010000000111101000001000001111110000100111110000000000010000000000000111001000000000001111100000001000000000001000000000011111111000001111110000000000000000000000000000001000001110000111111111010000000000100111110000001111111111111000100111110000000000000000000111111000000000010000010111111000000,
000000111111000011000000111111000011000000111100111001000010000100000000000000000000000001111010001110000110111110000001000000000000000010111011000010000001000010111101000010000001111110000001000000111110000001000010111111110110000000000000111101000001000001000001111111000101111110000011110111000000000100111100111111000000111111110100000000111011111100000100000000000100111010000000000110000000111111000000000000000000000010000000000001000000111111,
000011111111000100111101000010000001111010111110111010000110000000111101000011000000000101111001000111000000111111000000000010000000111110111110000001000100000000111110000100111111111111000010000000000001000011000101111111111011000101111101111100111011000000111110111110000101000000000010110001000000000101000000000000111111111100110101000001111010111111000011111100000111110111000011000011111011000000000000000010000101000001111110111111000110111111,
000100111011000000000000000000000100111000111010110011001001111100000000000011111111000001000100000100111011000001000010000101000011111101111110000100000001110101111011000110000000111010000011000001000011000110000001000000111101000100000000111110111010000001111011111101111111111001000001110000111101000010000000111000111101000000101101111011110110111101000001111100000111111011000010000001111110000000000000000000000010000000000000111110000011111110,
000000111100110111000110111110111101111111111101111010000000000001000000000001000000000000111111000000111000000000000001000111000001111101000011001000000001110110111101001011000001111110000111000001000100000000111101000000111111111110000010000011111011000110000000111100111011111010000101111011111010000000000011111001000010000000110111111100000000111110111000000000111110000001111101000100111100001010000010111100000011111100001001111111000011000100,
000001111111111100000100111110111100000000111100000000000000000001111101000011111111000100111110000000111001111011111010001001111110111010000000001101000001111111111111000010111001000001000110000000111010111101111111000011001100000000000000000111111110000000111110111011111101000000111110111000111001111111000010111111111110111100111111111000000001111000110100001101111111001010111101000010000011001101001000111100000100111011000100000010111110000100,
111110000011111110000111000000000001000110000000111111111011000001000001111100000011111110000111111010000011111010111111000100111001111101000001000000000101000010111111000111111111000011000111000000000000111000111110000011000101111110111101000101111101000010001001001000000101111110111111111110111111111100111101000000000101111100000101000001000011111011111110000101111101000001111110000000000110000001000010111100000000111111000001000000000000000010,
111110000010111010000010111011000100000100000001111101111111000011001000111010000111111010000010111111111010111100000110000100111011000010000001000101000100000011000010000010000010111111000010000101111111111100111011000101111111111100000100000101111111000011000001000010000100000010000100000101000110000000000101000001000010111110000000000011000000111100000111111110111011111110111110000011000011111011111101111100000001000000000011111100111101000010,
000010111111111111111110111101001010000011000101111110000011111011000011000010001001000001000000000010000010000101001001001010111100000100111011000100000001000000111111000001000110111110000000000000111011000000000000000111111101111111000011000000000101001000111111000001111111000101111101111011000110111101111110000101000010000000000101000101000010110110000011111111111100111011000011000100001000111010111010000010000100000101111110000011000000111110,
000010000000111010000110000011000100000000000000111110111000111111000000111001000100111011000000110111111001000000000101000110000001000001000110001101000111010011000100000000111111111111000000000010000000111000110110000010000100110011000111001100111101000100000110000110111110000011000011111110001000000010111110000101111100111101000001000010000100111001111110000011110110111010000000000100001101111100111001111100000101111110000000000110000100001000,
111101111011111101001000000000000010000000000010110111111101000001111110111011000011111101000000111010000010000001000000000101000000000100000011111001000011000111000000000011111101111011000010000101111110111101111111111011111100000010000011000000111010001001000001000100000110001010000010000110000000111110000010001001111001111111111010111111001000111100000000000011000000111010000001000100000000000001111011000000000011000101111110000100111110001011,
111101111001000110000110000000000001111011000001111100111100000001111110111011000111111110111101111101111111111010111101000010000010111110000011111110000101000101000000000001111101000000001010111110111110111101111110000100000011000100111111000111000000001000000011000000000000000111000000000101111111111111000001001010111010111011000010111100000100111101111010111110000001000001111101000100111011000000000001111111000010111011111110000000000011000010,
111100000011000010000011000010000101000000111101000000111101000100000011000000000100111110111111000000000000000000000000111110001001111100000101000001000001000000001000000001111011000001001000111110000010111101111110111100111111000010000001000011111101000100000001000011000011001000111110000010111110111001111111000101110111111111111111111001111100111110000000000000000000000001000000000010111111111111000100000000000011111111000000000011000001000010,
000010000101111111000000000000000011000000111101111100111111000000000011000010000101111111000000111110111111000000000001000000000110111001000101000011000000000000000011000100111011000100000010111110000011000010000000111101111100111111000000000010110101000000000000000000000010000101000000000000000000110010000000000010110101000000000000000000111011000000000000000000111111000000000011000010000000111111000001000010000000000000111100000001111000000011,
000100000010000000111111111110000000000011111110000000111111111100000010000000000101000000000000000000000000111111000000000010111110000000000100000100000001111110000000000111111111000011111111000001000000000010000000000000111111111101000000000000110101111101000010000010000001000010000001000000111111110010111110000001110000000010000000111110111101111100111111000000111111111110000010000001000000111011000000000010000011000100111100000001111101000000,
000000000010000000000010000000000010000000000000000010111110111111000010000001000011111110000000000011000000111110000000000000000000000000000001000010111101000001000000000010000000111111000001111111000011000001111100111111111110111110000001000000111100111111111110000011000011111101000010000000111111110101111110000000101011000011111111000000111110111110000000000000000000000011000010000010000000000000000001000011000000000000111101000001111011000011,
000001000100111111000101000011000010000000000000000010111111000001000111000010000011000000000001111111111110111110000011000001000100000000000000000010111010000000000010000011111101111110000000111110000100000000111110111101000000000001000001000000111101000010000010000011000001111101000000000000000001111100000000000000101011000000111110000000111101000000000000000000111111000000000011000010111110111111000011000011111101000000000000000001111111000100,
111110000001111111000101000100000000000000000000000010000010111101000011000000000001000000000011111110000000111110000110000000000101000000000010000010111110111111000000000100111110111011000000000001000011111111111110111100111111000000111111000010000000000010000101000011000010111101111110000000000100111110111110111110110001000000111110000001000000111111000000111110000000000000111110000011000000111101000101000000000001111110000000000000000011000000,
000010111110111111111111000000000000111111000000000011000000111100111100000000000100000000000010111110111110000000000110000110000010000011000000000010000000111110000000000011000000111010000011000001000000111111111110111110000010111110111110111101000000000011000100000000000000111101111100000001000000000001111101111111110101111110111110000101000010111111111111111101111111000000111011000100000010111110000010111110111111000000000000000000000000000000,
000000000000000000000011000000000000000000111110000011000101111001111010111110000011000000000010000000111110000000111111000100000011000101111111000100111111111111000000000101111110000001000000000100111011000000111111111101000100111110111101111001000001000000000100111110111110111110111111000000111110000100111101111110111100000000111101000011000000000100000000111110111100000000111011000001000000000001000100111111000000000000111110000001111000111111,
111111111110111111000100111100000000000000111101000001000101110110111100000010000000000010000100000011111100000000111000000000000111000100111100111111000101111111000000000001111100000001111111000010110101000001000011000000000010111110000000111010000100111101000001000000111111111110111110111110111111000010111000000001111101000000111110000010000100111110111111111101000000000010111111001000111101000101000001111111000010000000111011111111111011111111,
000000111101111010000010111011000000000000000000000010000001110011111111000001000000111111000010000000111010111101111011111101000100111110111100000000000110000011000000000001111100000000000010000011111011111110000000000101111111000000000000111110000000111111000000111111111111000001000000111101111111000000111001000011111110111111111110000010000111111100111010111100000000000010000100000101111011001110111110111111000100000010111101000000000000000000,
111111111110111001000000111011000000111101000010000001111111111011000000000000000000111110000101000001111110111110000000111011000100111101111111111110000110000100000101000001111111000000000111000101111100111111111110000000111011000000000001000010000001000000111111000001111010000011000000000000000000000000111111000000111111111111000010000001000101111111110011111011000001000010000000000011000000001010111011000000000000000000000000000001000010000011,
111100000000111110000011000000000001111101000101000000000000000000000010000000000000111110000101000000000000000000000000111101000100111011000011111111000100000001000110000011111111000001000001000100111110000100111111111111111101111110000000000000000000111111111111000010111000000010111111000011000000000010111111111101000000000001000011000000000010000010111110111011000000000011000000111111111111111111111110000000000000000000000000000100000011000000,
111100000000000001000110000011000000000000000010111101000000000000000010000010111111111101000001111111000011111111000010000001000001000000000000000001000011000010000100000011000010000001000011000010111101001000111111111111000000111110111100111110000000111110000000000001000000000010000000000011000000000010111111000000000000000010000010000001000101000000000101111010000001000001111111111110000000111101111111000001000000111110111100000101000000111110,
111110000000000000000001000010111110000000111110000000111110000010000000000011111110000010111110000000000010111111000100000010000000000010111100000010000100000010000100000000000001000000000000111111111111000111000001000000111111000000111110111111000000111101000001000000000011000001000000000101000001111111000000000000000000000001000011111111000100000001000000111001000000000001000000111110000000111111111111111111000100000000000000000010000110000001,
111111000010000001000010000000000000000010111100000000111111000010111110000100000010000010111110000010000101000000111111000000000101000011111101000101000000000011000101000000000000000000111101000010111110000100111101111111111110000000111111111111111110000010000000000000000010000010000000000110111111111100000000111111000001000001111101111101111110000000000001110110111111111111111111000001111110111111111111000000000001000001111111000001000010000001,
000000000100000000000000111100111110000111111101000001111011000011000000000010000100000000111100000110000011111110111111000001000110111111111110000101000100000100000000000000000000000000000000111110000000111101111110111111111101000001000000111111111111111111111101000101000010000000000101000010000010000000000010000000000001111111111101000000111010000000000000111001000000000000000000000001111111000001000000000101111111000010000000000011000000000000,
111110000011111110111111111111111101000010111100000001111101000001111110000000000001111111000000001100000010111111111110000000000010111111111101000100000010000010000000111111000001111111000001000000000000000000111111111111111000000000000000111011000011111111000001000011000011111111000100110111000000000000000001111111000000111111111001000000110111000000000000111001000000000000000011000011111100000010000011000010111101000000000001111110000000000000,
000000000010111101111111000101000000000001111001111110000000000100000000000000111111000100000000001000000010111111000000000001000000111111111010000100000011000100000000000000000011000000000001000000111111000000000000000001110100000000111110110111000000000110000010000001000101000000000100110100000010000000000000000000111110111100111011111110111011111011000001111100000000111111000000000101000000000011000010111110000001111111000000000000000000000010,
000110111111111111111101000000000010111100111111000000001000000100000001000010111110001001111111000110000000000000111111000101000000000000111000000100000001000000000000000010111111000000000101000000000000000000000011111111110111000000000000111100111111000111000000111101000010111011000100110110000001000101111111000000111110111100111000111110111010111001000101111111000001111000000000111111000001000000000001111110000001000010111101000000000110000000,
000110111011111111111111111111000100111000111101111001001111111111111101001001111100000011000000001000111011000001111110000011000000111100111101000100111101111000000001000100110111111100000011111110000011001011000010000000110111000011111110111100111011000000000001111011000000111000000010110101111101000100000000111011000001000111101111111111111001000000000011111011000011111011000000000110111111111011111111111101111100000010111011000000000111111011,
000101000000000001111100111100111101111000111110111010001101111101111111000110111111000110110111111111110111000001000010000011000000111000000011000101000001111101000101000001111010000010000101111111111111000111001000000110111010000011000010000010111001111110111111111010111101111011000010111100110101000011000010000010000010000101110110000001000000000011111111111101000101000011000000000001111111001001000010111100111111000001000101111111000111111110,
000111000001000000000100111111000000111011111110111110000111111000111001000101000011000110111010000000111001111000111110001010111110111100111110000110111100000011000011000111111011000000000111110100111111000000000001000100000011001001111000000101000000111111000000111100000000111010111110111001111010000110000000000100111101000101111011111000000100111011110100001011001001000110000010000101000011000111000011111110111110000001111011111100000000000000,
000010111101111110000101111101000000000000000000111111111101111110000000111011000100111101111101111110111011111100111111000000111101000000111100111110000010000010000001000100111111111110000011111100111101111101000001000100000011000001111101000010111110000011000101000100000000111011111011111010000010111110111111000010000000111111000100111011000001111100111110000100000010000000000000000000111101111100111101111110000011000010111101000001000011000000,
111110000010111101000001111101000010000010000011111110111101000001000010111101000101111101000010111111111100111110000101000011111011000010111110000010000010000010000001000000000010111101000000000010111101111100111101000100111110111100000100000011000000000011000010000010000010000000000010000010000101000000000011111111000001111100111111000011000010111100000110111101111100111100111111000011000001111011111101111100000001111111000011111110111110000011,
111110001010111010000001111101001001000011000101111010111010000000000100110111000111110110000011000000111001000000001011000111111101001001111111000011000101000110000011000010000000110111000010001000000000111011111001000000111100111000001000001000000001000110000010000100001011000011000011000110001010111110000010000101111100111110000010000111000100111011000110111010110111110111111110000010000110110111111010111011000100000011000111000100111011001000,
000011000001111011000100000000000010000101000010111010110111111110111111111001000100110101000111110101111011000010000101000011000011000000000110000110000101001110000011000010111100000000000000000100000011111001110111000011000000101101000111000111111101000110001001000111111101000010000101111100001000111101111101000001111011111011000001000011000001111010000001000000110100000000000001000110001111000000111100111100000010000001000100000101000011000001,
111101000001000000000110000110000011000000000000111010000000000010000001111010000110111011000000000010000000000100000010000010000101000100000010111000111111000101000011000010111110111010000011001000111011000000111110110111111111000111000011000000111101001110000111000101000000000100111100000000111111000100000010001000110110000001000001111100000100110111000000111110000101111101000001000011111100000000111011000110000011000011000000000011000000001100,
000000111011000010000001111110000000000000111101111111111101000011000010111100000110000010111101000001000010000000111100111111000101111111000111111101000100000010111101000101111111000000001001111100111110111110000010000010000000000011111100000010000010001001001000000101000001000111111111000000000000111111000011001101110001111111000001111000000001111010111011000000111111000010111110000011111111000001000000000001000011111111111111000011000110000010,
111110000000000000001010000111000100000000000000111111000000111111000001000000000011000100000000111101000000000000000000000000001001111011001001000001000000000010000011000101111110000100000110111010000000111100000000110111111011000000000000111111111110000000000100000100000101000111111101111111000011111011111101000100110101000000111110111100111011000000111111000000000000000000111101000010111101000000111111000011000100111011111100000011111101000011,
000010000000000000000101000001111111000000000001000001000000111110000010000011000010111111000001000000000000000000000010000000001001111100000011000010111111000000000010000101111110000010111111111110000001000010000010111000111010000000000000111111111000000000000000000000000100000011111010111110000100110100111011000000110010000011111111111011111010000010000001000001111101000000000010000000000000000000111111000010111110000000111100111111111101000000,
000101111011000001000110000001111111111111000000111111000000111100000001111101000101111111000001000000111110111011000010000001000100000011000011000110000000111011000000000100111111111111000000000000000001000001000000111011111011111111000001000000110011000000000000000000000000000000000000000000000000110011111110000000101110000000111111111101111111111101111111111111000000111111000100000000000000111110000001111110000001000011111101000000000000000011,
111111111101111111000011000010000001000000111110000001000000111011000001000000000011111111000001000001000000111111000011000100000101000011000000000110111111111111111111000000000000111110000000000000000010111111111110111010000000000000000011000000111011000001000001000010111111111100111111000011000000110001111111000000110101000010000001111111111111111110111101111110000000000010000010000001111111111110000001000010111111000010000000000000111100000110,
111111111111111101000110000010111111000000111111000011000100111110000100000011000010111110000011111110000000111101000010000001001000000000000000000011111110111111111110111111111111111101111011000000000011000001000000111010000000000010000010000001000000000000000100000010111110111101111011000000000010110101111111111111111010000000111110000000111101000000111111000000000010000000000010000000111110111111000011000010000000000011000010000000000000000001,
111111111101111111001001000100111100000000000000000011000110111100000001000010000000000010000000111110111111111101000100000101001010000011000001000001111111111101111111000000000010111011111111000010000110000001111111111100000000111110000010111111000000000001000000000000000000000000111100000010000001111000111110111100000010000001000000000000000000111110000000111111111111111111111100000011111111111111000000111111000001000000000010111110000000000001,
000001111101000000000010000100111101000000000000000001000111110111111100000000000010000001000011000010111100111101000110000111001001000100000000000100000000000000111101000001111110111100000001000100000101000000000000111011000010111111111111111000000100111111000010111110111111111110111101000000111110111101111110111100000101000010000000111111000000111111000000111111000000111111111101000000111101000000000010000000111111000000000000111111000000111111,
111101111110000001000100000010111111111111000000000000000101110101111000000000000000000000000010000001000000000010111101000100000111000110111100000001000000000000111101000000111101000000111110000101111111000001000000111110000100000000000001110111000101000000111110111001000000111110111101000000111010000000111100111110000101000011111110111111000000000000000001000000111110000001111100000001111101000011000001000000111110000000000000000000111001111011,
111101111110000001000101000011111110000000000000000001000001111001111100000011000000111111000011000001111110000000111011111101000110111111111010111111000100000001111101000000111100111111000001000100111011000010000000000010000000000001000100110110000101111101111101111101111111111101111111000000111101000011110111000000000001000100111011000000000100000000000001000000000010000110111110000011111101010001000000111111000001000000111101111110111110111110,
111111111110111111000000000000111101000000000000000100111110000000111110000011111110111111000011111111111101000000111100111011000001111011111110111111000110000010111110111111111101000100000110000000111100111111111111000101111101111111000001111101000100111110111111111101111100111111000000000000000001000000111100000001000000000001111111111101000100000000110101000000000000000111000000000011110111010011000000000011000010000000111100000000000100111110,
000000000010111110000010111110000000111110000000000000111111000100000001000000111111111110001000000000111110111111000010111110000000111101000000000000000101000101000100000010111111000100001001000100111100111101111100000001111100111011000001111111000010111110000001000001111101000001000000000010000000000000000000111110000000000001000000111110000101000000110100000000111101000101000000000011111110000010111111000001000000000000000001111111000010000000,
000000111110000000000011000001000000111110000010000000000000000101000001111111000000111101000110111101111111000000000011000000000011111101000001000000000001000100000101000100000000000011000011000100000000000000111100000000111101111101000010111111000010111101000001000011111111000010111111000011000000000000111110111111000001000000000000000000000011000100000000111110111101111111000000111111000000111101111110111111000000000000000001000100000011111110,
000000000000000000000100000001000000000001000000000000000001000011000000000001111110111110000010111111000001111110000010000010000000111110000000000010000000000011000110000100000001000100000010000001111110000101111111000000111111111111111111111110000001111110000010000011000011000010000000000100111111000011000000000000000000000001000001000001000100000001000011111110000000111111000001111011000000111111000000000000000010000000000000000011000011111111,
000000111110000000000101000100000001000000111100000001111110000010000001000000000000000000000000000000000000111111000001000001111111000000111111000010000101000110000101000001000001000010000001000010111110000001000000111111000000111110000000111101111111000000000001000001000100000100000000000011000000000000111111000000111111111111000100111110000010000000000000111100111111111111111111111101000010111110000000111110000000111111000000000100000100000010,
000000000011000011000100000010000000000010111000111111000000000000000000000011000000000010000000000100000100111100000000111110001000000000000000000010000000000010000110000000000010000000000001000011111111000000111111111111111111000000000001111101111110000000000000000010000100000010000000000011111101111111000001000011000000000000000001000000111010111101000000110101111111111111000000111111111111000000000000000011111111000000111110000001000000000010,
000000000011000000000001000000111010000010111101111100111110111111111101000100000000000010111101000001000100111100000000111111000100000000000001000100000010000000000010111101000001111111000011111111000000111101111110111111111110111111000001111010000001000000000000000101000100111101000101000000000000000000000011000001111111000000000000000001111001000000111111110100111111000000111111000000111110000000000000001000111100000010000001000000111001111111,
000000000011000000111111000101111111000000000000000001111110000001000000000000000000111101000011000010000010000001111111111111000000111111000000000101000000000000000010111111000011000000000000000000000000111111111110000000111110000000000001111001000011000011000001000110000011111111000011111000000010111100000101000001111100111111111110111111110111000010111110110101111111000001000100000010000000000000000100000101111011000011000000111110111110000000,
000100000010000010111101000101000010000000000000000000000110000100000010000000000000000110000111000100000100000000000001000000111111000010111010000101000010000010000011111101000010000000111111111110000000111111111110000011111100000001000010111010000000001000111110000010000110000000000010110110000010111111111110000100111110111111111111111100111000111101000011111001111111000000000010111111000000000000000011111100000000000011000000000100111010000001,
000111000000000010111110000011000000111100000010111100000101000110000101000011111100000110000011000100000010000001111100000000111111000000111001000101000000000000111111000010111011000000000001111101000111111111000001111110110110111111111101111010111100001010000001000000000010111011000101110100000011000000111001000010111111000011000000111100111001111101000100111101111111111110000001111111000011000011000010000000111100000000111001000010111001000000,
000101000000000001111111000000000000111000001000110110001011000001111110111111000010000001000001111110111101000110000001001001111110111010111001000101111100110111000000000100110110000000000101000000000101000010000000111111110001000101000001111011111100001001000011111111000001111011000011111100111101111110111010000011000000000110111001000000111010000010000100111000111110111011000000111010111110000010000001111111110101000010000000000000111010111101,
000000000000000000111100111001000011111000111111110100000100000000111100000001000010000000111010111110110110000001000011000011111010111000111001000000111111111111000011000000111000111110000101000000111100000110000000000110110111000011000001000000110110001000000010111100111010111010000101000000110111111111000000000010000110111100111010000000111110111111111011111000000000000011111110111101000000001001000000111001111000111110000101000010111000000000,
111110111000111001000011111010000111111000111011110111111110000000000000000100000011000100110110000010111010111011000000000110111011111011111011000111111101111110000000001001111111110111000111111010111001000100111110000100111011000000111010000101111001000101000110111110110111111110000101000000111100000101000000111111000010111010111111110111111011111010110111000000111110000110111001000111000010000111000011111010000111111001000100000000110111000110,
000010111100111000000100111000000110000110111010111100111011000101111110111001000101111110111010111011111010111011000000000100111001000001111101000010000110000101000100000110000010111100000111111101111010111001000000001000111110111111111010000101111011000100000111000110111101000000111011111010000101111111000101000110000000111001000100111100000011111010111100000011000001111100111010000011111110111011111011111010000101000101111101000110111111000101,
111111000000000000000000000000000000000000000000000001000000000000000000000000000001000000111111000000000001000000000000000000000000000000111111000000000000000010000000111111111111000000000000111111111111000000000000000001000001000001111111000001000000000000000000000000111111000000111111111111000001111111000000000000000000000000000000111111000001000000000000000001000001000001111111111111000000000001000000000000000000111111000001000000000001000000,
000000000111111110000001111101000011000001000100111101111111111010000101111001000110110111000011000001000000000010000111000010111111001001111110000000111111000110000001000011111101111101111110001000000011111110111010111011111110111011000110000100000010000101000000000001000111000011000100000100000100111110111101000000111010000011111110000011111111111110000110111100111001111011000000000000000010111010000000111101000001000001000101000100111110000011,
000000000010111100000000111010000111000110000001110111110111111111000000110101001000101100000100111000110111111101000011000101111011001000000011000110001100010000000100001000111101111010000011000110000000110110110110000001110110110000000011000110111101001010000110001001111101000110000010111110001010111100111100000111000000111010000110001000000011111011000010111010110101111001111110000100001100111011111010110111000101000011000100000111111100001011,
111101000101000101000000000101000010000011000001111100111111000011000000111111000100110110111101000100000000000111000001000001000011001000000000111010000010000010111110000100000000111011000001001010110111000010000000111001111111001000000011111111000000000100000101000010111011000100111101111011111100111110000011000111111110111111000111111011000100111010111111111110000110111110111111000100111011000101111000000101000000000011000000000010000001001001,
000000000000000000000000000010000100000000111111111101111110111110000011111101000010111111000101000100000101000011000010111100001000000000001000000000000101000100111011000011000101000001001000000001111110000000111111111011000000000010111011111011111110001001000111000111000011001101111100111011000010111011111111001000110110111111111101110110000000111010111111000011111011000000111111000010111100000000111111000000000100000000000001000011000111000011,
111110111101000000000111000111000101000000000000111001111101111011000001111101000010000010001111000101111111000001000001000000000110111101000101000011111110111100000000000101000010000001000110000000000000111010111111110110111010000001111111111110111010000011000101000101000000000100111100000001000000111101111100000001111101000000111111111011111100000001000000000011000000000010111101000000111110000001111111000000000111111110000000000000111010000100,
000000111011000001000011000000000000000000000001000000111111111101000010000000000001111110001100000000000000000000000011000000000111000000000100000010111100111110000000000011000000000010000000000000000001111111000000110110111100111111000010111111110100000001000000000011000000000110111011111111000011111111111101000100111100000001000000111011111110000000111111000010111101111101000001000000111111111110000000000100000010000011111101000000000010000011,
000001111101111111000001000001111110000000111111000001111111111100000011111111000010111010000111000000000000000000000010000010001001000001000000000100000000111111111111000011000000000000000000000011000010000000111101110110111111111111000000000000111010000000000000000000111101000011000000111110000000111010111111000000111111000101000001111010000000111111000000000000000000000000000100000000111111111110000100000011000000000000111011000001000000000101,
111110111011111101000001000101000000111111111110000000000000111110000000000001000001000000000100111111111110111111000011000011000110000010000000000000000000000001111110111101111111000000111100000001000010000000000000111000000000111111000000111111111011000001111110000000000000111111000000000010000001111000000000000001000000000001000000111101000000111111000000111101000000000000000011000010111101111011000000000101000000000010111110000000000000000011,
000000000000111100000100000100111110111110111111000000000010111110000010000000000001111110000110111101111110111101000100000010000110000010000000000011111110000000111111000000111111111101111011000000000011000000000001111011000000000000000000000000000010000001111111000001111111111010000000000000000000110110000000000000000100000011111111111111000000111111000000111111000010000000000000000011111111111101000000000000000000000010111111111110000000000000,
000000000000111111000011000100111110000000000000000000000111111110000010000000000000000010000101000000111100111101000001000101001000000011111111000100111110111111111101000000000000111100000000000010000101000001000000111100000011111101000010111110000000000010111111000000111111111111000001000010111101110100111111111011000101000010000000111011111110000000000010000000111111111101000000000011000000111110000000000000000010111110000100000000111110000000,
000001111111000011000001000011000000000000000000111101000110111100111010111111111111000110000010000010111101111100000000000110000110000011111110000011111111000001111111111111111111111101000001000011000101111111000001111100000000111111000000111011000100111111000000111110111101111110000001000000111010111010111110111110000011000010111101111001000000000000000010000000000000111110000001000001111101111111111111000000111111000010000001000000000001111110,
000000111111000000000011000100111111111100111110000000000100111010111001000011111110000001000001000000000000111111111001111110000011000010111011000001111101000000111111111100111110000000000000000100000010000001000001111100000001000000000011110111000111000000111101111100111101111011000010000001111000111111111110111110000100000100111101111011000000000000000010000001000000000000000000000100111100000111000000000001000000000010000001000000111111111101,
000000111101000011000000000110000000111100000000000000000000000000111100000100000000111111000000000000111101000000111010110110000000000000000001111111000000000000111110111001111110000000000100000001111110000010000000000011111110111111000010111001000001000000111111111100111101111101000110000100111110000010111101000000000011000000111101111100000011000001111011000001000000001001111111000011111100010101000000000011000001000001000000000000000001000000,
000000111110000001000000000011111101111111000000000001111110000011111011000011111110000000000011111111111110111111111101111001111111111111000001111110000100000010111110111110111110000001001001000000111110000000000000000110111100111110000000000000000100111111000000111111111110111111000001000010111111000010000000000001000001000000111110111010000001000010110101000000000000001011111110000010111011001010111111000101111111000000000001000000000100000000,
000001000011000010000000000000111110000000000000111111111110000011111111000000000000111101000111000000111110111110000001111011000000111101000001111100000001000100000010000000111101000010000111000011000000111110111100000000000000111101000010000000000101000000000001000010111110111101000000000010111110000010000000111110000000000001000000111101000100000011111010000000111100000110000001000000111101000000111111000010111110000001000010000000000010111111,
111111000010000000000000000000111101000000000000111111111110000110000001111110000000111100000100111110111101111110000000111111000010000000000000111111000000000001000010000010000000000101000000000010000000000000111101000001000011111101000001000000000000000000000000000101000000000001000000111111111111000000000000111111000000000000111110000000000011000100111110000000111111111110000000111110111101111111000000111110000000000011000001000011000000111011,
111111000010000000000011000000000000000000000000000001111110000011000000000000111111111011000010111100111110111110000010000000000000111110000000000010000011000100000001000100000000000111000000000010000001000001111110111110000000111110000000000000111101000000111110000010000011000010000000000000111101000010000000000000000000000001000001000001000001000011000010000010000000000000000000111001000000000000000000111110000000111111000000000000000000111101,
111111111111000100000110000010000010000010111110111111000000000000111111000000000001111101000011111110000001000000000001111111111111111110111110000001000000000011000000000011000000000011111111000100000001000000000001111111111110111111000011111101111110000010000000000010000101000011000000000000111110111110000000000001000000000000000001000000111110000001111111000000111110000000000001111011000000000000000000111111000000111111000000000101000000000011,
111101000000000110001000000010000000000010111100000000000000111111000000000001000000000011000001000101000001111110000000111110000010000001000000000000111110111110000111000000000010000010000000000000000000111100111110000001000000111111000010111011000000000010000000000001000010000000000011000000111100000001000001111110111111000000000100111111110111000000111110111101111110000000000000000000000000000010000001000101000000111110111110000011111111000001,
000000000001000000000100000011000000000000000000111010111110111110111111000000000011000000000001000101000001000000000000000000000010000001000000000010111101111111000101000000000011000001000011111111111111000000111011000000000000000000000000111000000000000010000011000110000001111110000100111100111111111110000000000000111111111111000010000000111101000000111101111011111101111111111110000001000000000000111111000110111111000001000001000000110011111111,
000011000001111111111101000110000011000000000011000000111110000000000011111111000010000000000101000010000010000000000000111110111110000000000000000001111101000010000010000000000010000000000001111101111111111110111101000001000010000010000001111010000000000100000001000110000110111110000011111100000010111101000001000001000000111010111111111101111101000000000000110110111101000000111111000000000000000000000010000010111101000001000010000001111100000011,
000110000000000010111100000110000001000011000010000000000010000001000100000000000000000100001001000000000011000010000000111101111111000000111101000001111101111110000001000011000000000000111110111110000001111111000000000010111101000011000010111010111111000011000010001011000111111111000000111100000011000000111011000010111110000000111111111110111101111110000100110110111111000001000000111110000000000000000010000001111010000000000001000000111100000001,
000110111111000001000000000001000111000001000011111010000011000010000001000001111111000001000010000000000000000010000001111110000000000011110100000000111010110101111111000001111010000010000001111110000010111001000101000000111010000000000100111011111010000110000000000100000010111110111101111011000010111110111001001000111100000011000100111101111101111110000011111100111111000000000010111110000000111111000000000000111010000000000001000101111001000000,
000001000100111110111110111101000110111100000000110100000110000011111011000010000000000000111110111011111110000110000000000101000000111111111000000100000001110101000000000000111010000100000100000000111111000001000000000011110111000000000100111111111100001100000100111110111100111111000000111100111111111101111000000111000000111110000000111111111111000000000001111010111110111111111101111010000001000010000010111101110100111110000010000010111010000010,
000011000101000000111010111010000110111001000000110101000011111000111011111110000010111110111100111101111010000010000100000010111101111010110111000000111111111100111101000000111101111101000100000001111100000101111101000010111001000010000011111110111011001001001001111101111010111111000011000001111101111111111100000100000100000000111000000000000000111101111110111010000000111110111111111101111111000110111101111111111001111110000000111111111100000001,
000000111100111101111100111100001001111011111100111000000101111100000001000110000111000010110010000000111111000111111110000011111111111011111111001001111010111111000000000010000000000000000100111110111100000101000110000101111011111111111111000110111100000011000011111110111011000100000011000011111011000000000001000110000011111111111111110111111101111110111000111010111011000101111011111111111101000101000000111101000010111110000011000010111010000100,
000001000110000100111011111001000100000101111011000100001000000000111011000100000111111110111001111101000110000101111011111110111110111011000001000110111011111001000110111010000011000111111000000011000000111100000111000101111001000010000110001000111110000100111110000000000110001000111111000101111011000001000011001000000001111100000100000000000001000111111111111010000000000011000000111001111101000000000100111101111001001010001001000111111010000000,
000011111111000001111110111101000100111101111100111101000011111100000100000001000100000011111101000100111101111100000011000110000010111110000000000101111011111101111110000100111110111101000011000001000011000110000000000010000100000011000100000110000101000101111101111100111101111101111101111100111111000100111011111101111101000101000011111111111100111011111110000101000010000011000001000101000100000011000100111100000001111110000110111110111111000100,
111100111101000000000011000011111110111110000011111101111011000100000011000001000000111100111111111100000000111110000110000000000010001000000000111101000011000110111101000100000000111110000001000101000011111101111111111110111101111100000001111111111111000000111110111111000011000001000110000101000100000001111110000001111101000000111100000101000100000000111110000100111110111111111110000100000001000000111101000001000100111110111110000010111111000011,
111010000000111011000001111100001001000011111111111001110110000001111110111001001101110011111111111000111011111100000101000110111110000111111110000011001000001100000100000101000100111010000100000010000000111001111001000000111000110011111111001010000000000111000011000111111110000010000010000010001100111110000000001010111111111010111110001100001001110111000000000000111001110101111100000011001100111010110101111110000001000000111111000101000000000111,
111011000010000010000000000101000001000011000001000000111111000000000000000001000111110110111111111101111111000110111111000011000001000110111110111110000101000100111111000000000000000111000000000000111010000000000000111100000000000001000011111100000010000010111011000010111011000011000001000000111101111101000010000010000100111100000000111011000111000001111110111011000000111110111010000000000001000111111101000110111110111011000001000000000010000111,
000000000000000000000000000100000010000001000000111110111011111001000011000010000001110111001000000010000110000010000000111101000111111010000111000010000001000000111011000010000111000010000101000110111111000011000000111001000000000001111111111111111100001010000001000110111011000100111111111111000011111101111011111111000100111110000001111011000000111110000000000100111010000011111111111101000000000001000100000000000011111011000011000000000000000011,
000000111100111101000001000011000011000000000001111000000001111010000001111011000000000010011000000010000000000101000110000011001000000000000100000000111100111011000000000001000100000000000001000010000010111111111101110111000011111111111111111110111101000001000001000010111111000000111110000000000000000001111100000000000100000001111101111101111101000000000110000001111101111101000000111101111100000000000010000011000100000000000010111111111101000001,
111111111010000000000000111111000011000001000000111110000011111101000100111110000001000101001110000001000001000100000001000000000110111110000001000011111100111001000001000000000000000000000001000000000001000001000000111010000000000000000010111110110110000000000000000010000000000111111100000000000001000000000000000111000110000001000011111101111110000000111111000010000000111110000001111111000000000010000010000011111111000010000001000010000010000010,
111111111100111111111110000001111111000000000001000000000010111110000011111101111110111110001011000000000010000011000010000011000100000000111110000000111101111111111101000000000010000000111111000011000001000101111010111001111100111110000001111101111101000001000000000000111101000100000000000000000000111100000000000001000101000100000001111101000000000000000001000010000000000000000011111111000000111101000010000010111101000010000000000011111100000100,
111011111111111100000000000010111110111100000000000000000001000000000001000000111111000010000111000000000000000010000001000010000101000101111111000000111110000000111111111111111101000000111010000010000100000000000000111100000000111111000001111001000001000010111011000000000010111111000011000001000001111010000000000000000000000001000001111110000000000001000010000000111111111111000010000000111110111111000000000011111111000000000000000000000000000010,
111111000000111101000000000001111101111101000001000001000001111111000010000000111001111111000101000000000000000000000010000001000001000010111111000000111111000000111111111111111101111111111011000010000100111111000000000000000001000000000001111001000000000100111010000000111111111111000100111110111101110111111111111111000100000011111111111100000000000001000011000001111111111101000001111111000000111101000000000000000000111110111111000000000001000001,
000001000000000000000000000100000000000010000001111101000001000001000000111111111000000000000000000100111100111110000001000101000010000001111011000011111100000001111111000000000000111101000000000010000010000000000001000000000000111111111111111010000000000011111110111100111100000000000100111111111011111010111111111110000100000011000000111100111101000000000011000000111110111010000010000001111110000000000000000000000000000001000010000010111111000001,
000000111111000001111111000011000010000001000001111100000010111110111110000000111100000011000001000011000000000000111110000001111111000000111011000010111101000010111111111111000000000000111111000100000110000000000000000000111101111110000010111010000000000000000000111100111110111111000011111110111001111010111110111110000000000010111110111100111110000010000010000000000001111100000101000000111111000100111111111111000010000001000000000010000001000000,
000010000000000010000001000001000001111101000000111110111111000000111101000100111111000000111111000000000001000000111111110110111111000000111011000000111101111111111111000000000000000011000001000011000010000000000000000000111100111110000010111011000000000000111111111110111111111100000100111111111100111101111101111111000001000010111110111101000000000010000010000001000010000010000001000100000001010000111111000000000001000010000000111110111111000000,
000011000000000010000000000000000000000000000000000001111110000011111100000110111111111101111101000001111110111111111101110100000000111110000001000000111101000000111111111111111111000100000101111111000010000000111111000011111111000000000010111110000011000000111111000000111111111101000011000001111111000001111111000011000010000001111101111100000010000001111101000000000000001101111111000010000000010010000000000100000000000000000001111110000001111101,
000001000001000001000000000001111101111110111111000001111110000011111100000010000000111111000001000000111111111110000000111100000001111111000010111100111110000000000000111100111110000010000110000000000011111110111110000101000000111101000001000001000100000000000000000000000001111100000010000100111111000001000001000001000001111111000000111101000100000010111000000000000000010001111100111111111101000010000000000011111110000000000100111111000010000000,
000001000001000100111111000000111100000000000000111111111101000011000000000000111111111110000010000000111111111101000000000001000010000000000010111001000000000100000011111110000000111111000000000100111111000000111111000010000000111110000001111111000001000000000000000001000000111110000010000011000000000010000010000000000000111110000000111110000010000011111011000001111111000111111110111100111111000000111011000011111110000000000010000001000001000000,
111111000001000000000000000000111110000000000000111111000000000011000001111111000000111101000001000000111111111110000000000000000100000000000010111101000000000010000111000000111111000011111110000100000001000010000000000010000100111111000011111110000000000001111111000010000000111110000000000000111111000000000001000000000000000000000000111111000001000001000000000000000000000010000000111101111110000001000000111110111111000000000100000001000010111011,
111111000001000000000110000001000000111110000001111110111111000001000000111110111110111111000001111100000000000000000000111111000000111111111111000001000000000011000010000011000000000010000000000101000110000100111111111110000011000000000010111110111110000100000000000000000101000000000100000000000000000000000000000000000000000001000000000000000000000000000001000001000000000001000010111111111110000000000100111101000000111111000001000000111111111110,
111101000010000010000111000010000010000011000001000000000000000000000000000000111101111110000011000000000010000001000001111101111111000000111111000001000001000001000011000010000000111111111110000010000011000000111110000001000001111110000000000000111100000010000001000011000010000010000001000000111101000000000010111101000000000000000000000010111011000010000000000011111111000000000100000000111111000000000001000000000001111110000000000011111111000000,
111101000000000011001100000010000001000001000001000001111110000000000000111111000001111110000010000000000011000010000101111110000010111111111110000000000000111111000011000000000010000011111111000001000000111101111100000000000000111101000000000000111111000000000011000100000010111110000000111110111100000000000000111101111110000000000000111111111011111110000011000000111010111110000000000001000001000010000010000101000000111101000000000000111011111110,
000001000000000000000100000011000011000001000000000000111110111111000001000000000001000010000001000011000101000100000010111110000000111111111110000000000000000000000010000001000011000011000000111110111110000000111100000001000011000000111111111110000100000000000001000001000000000010000000111101111110111111111111111111111110111100000010111110111110000001000001000000111001000000111111000010000000000010000001000110000000111100000010000000110010000001,
000011111110111110000000001001000001000010000000111111111100000000000001000000000000000001000101000011000011000010000000111101111111111111111010000000111101000000000000000010000000000000000001111100111111000000111110000001000000000010000010111110000000000011000000000010000000000100000011111111000010111111111100000000000000111001000001111111000000000010000010111101111010000001111111000010000000111111000000000011000000111110111111000011000000000010,
000100111111111011111101000011000010000000111111111100000000000001000100111111000000000001000011111111000010000001000001111110000001000010111101000010111100000000000001000011111110111110111111111111000000000001000001000001111110000001000010000000111011000000111110000111000000000011000000000000000110111101111110000000000000111100000001000000111111000000000011111000111101000010000001000000000010000000111110111110111000000000000000000011000000000011,
000110111101111101111110000001000011000100111111111011000011000010000000000000111100111011000101000000000000000000000101000001000101000110111001000000111111111011111110111110111110000000000001000010111110111010000101000001000001000000000011111111111001000011111100000011111111000100000000111111000100111100111100000101000000111111000100000011000010000000000000111001111110000000000001000001000110000000111010000001110111000000000010000011111101000000,
000100111111000000111101000000000110000011000000111011001001000001111110000011111110111011000101111110111111000001000011000111000001000011111011000000000101111011111110111111111101000000000100000001111011000000000110000001000011000001000100000010111000001001111011111111111011000000000000111111000000110110111011000101000000000011000010000010000101000000111111111010111001111110000000111111000101000010111110111110110010000000111111000011000000000010,
000001000010000110111001000010000101111110000101111111000100111111111101111011000100111010111101000000111101000111000000111111111110000000111110111110000000000101000000000000111111000011111101000011111101000010000011000000000001111111000011111111111110000011000010000000111101000101111011000011111111000000111011000111000010000000111000000000000100000000111110111000110110111100000100111001000100000001111110000001110111000010000001000000111110000000,
000011000010000000111000110101000101000111111111000001001011111110000000000111001010000001111001111001000110000111000010111101111000110101000001000110111111111101001011111100001001000111110110000010111110111111001000000110111110000101000010001001111001000110000000111011000010000100111100111111111000111111000101001011001001111011000000000000111111000000111101111011111101000111000011111011111111000100111111111001110111001010001000000110111100000010,
000000000100000000111101111100000001000100111111000001000001111111111101000000000011111110111010111110000100000011111100000000111101111101000100000011111101111101000101111011000011000011111110000011111011000000000010000011111101000011000011000101111110000010000000000001000010000011000000000100111101111101000010000011000011111110000100000001111101000000000000111100111111000001000001111100000001000000000011111100111110000101000011000100111110000001,
000011111110000000111111111110000011111110111111111100000010111110000000000001000100000010111110000010111101111101000010000011000001000000000001000010111101111101111101000010111101111110000011000001000010000011111111000010000010000011000010000011000100000010111101111101111100111101111110111110000000000011111100111110111110000011000001111101111101111101111110000011000000000001000000000011000011000010000011111101000010111111000010111110111111000010,
111011111001000001000100000100111100111111000011000100111010000111111101000110111101000000111100111100000101111110000100000000000011000101000100111010000101000101111011000101000100000000000011111100111110111100111111000000111100111101111101111100111100111100111100111110000010000010000101000101000101000000111110000001000100111110111010000101000101000101111011000101000001000010111101000101000100000011111010000100000110111101111011000000111111000010,
111010111011000110000001000001111010111110000011111100000010111101000010111100001000111001111000111101000100000000000110000110000010001001111100111101000000000100111011000000111110111111111111000000000010111100111110000100111110111100000001001011000011000001111010000001000000000000111111000100000100111111111111000110000000000000111001000111001000000101000110000000111010111100111010000000000110000010111101000000111101111110000010111100000011000000,
111010000010000100111110111110111101000000111101111110000100000000000001000000000110111011000000111011111100000000000010000101000010000011000001111111000100111101000000111110000000000011000000000000111110111111000000000000111111111100000110111111111111000011111110000100111110111100000101000000111101000010000000000000000100111111111111111110001000000100111111111011000000000000111010111011000001000110000011000011111000111011111111000001000001000101,
000000111111111011000001000011000010000000000000111111000010111011111111000011111110110101001000111110000010000000000001111110000101111100000110000000000000111110000000111111000101000001000011001000000011001000000000110111000000111011000000111111000000000001111011000001111111111101000000000010000101000100111110111111000101000011111111000001000010000011000000000001111010000011000000000000000000000011000110000110111110111100000000000000000010000000,
000011111101111110111111000001000100000010000000111001000111111101111111000000000000000111001100000010000000000101000011000101000101111110000101000011111111110111000010111110000011000001000001000000111111000101111101000000000101111111000000111110111100111110111111111101000001111110000000000000000010000010111110000000001000000000111110000000111001000000000010000000000001111010000000000001111111000000000000000111000010000001000001000000000000000001,
000000111110111101000010000001000011000001000000000000000111000000000000111101111110001000001010000000000001000110000000000011000011000000000010000100000000111000000010111110000010000010000001000000000010000001111100000001000010111101000011111010111011000000111110111111111111000010111110000001000010111111000000111111000111000001000000111111000000111111000000000000000011111110000000000000111111000000000000000011000000000010000000000001000001000010,
000010000000111111000000000000001000000000000001000010000010000000000001111111110110000010000111000000000010000101000001000100000100000011111100111011111110111111111111000000000000111111111111111111000010000010111110111110111110000000000001111010000000000011000000000000000000000010000000111111000010000000000000111111000001000000000000111111111111000000000100000100000011111101000011000010111111111100000000000001000000000001000000000000111101000000,
000000000011111101111111111110000011000000000000000101000010000000000000000010110010111111000100000100000011000100000000000001000010000001111111111110111110000000000010111111111101000000111100000000000010000010000000000001000000111111000010110111000001000100111011000000000000000001000010000001111111111111111110000001000000000000000000111011000010000000000101000000000001111111000010000000111100111110000010111110111100111110000000111111000010000100,
111110000001111110111111111101111110000000000001000100000001111111000001000010111000000000000010000011000000000100000000000010000000000001111101000010111111000001000011111111000000111110111100000010000001000001000100000011000000000000000000111001000000000010111010111100000000000000001000111110111101111101111110000100000010000010000000111111111111000000000100000001000010111100000100000000111101000000000101111101111111111111111110000001000001000011,
000000000010000001000000111111111110000011000001000000000000000000000010000001111011000001000001000101000000000001000001000001111110000000111101000000111101000000111111111111111111111100111101000011000001000001000000000010000001111111000000111100000000111111111111111011111100000000000110111110111100111010111110000000000001000010111110000001111101111111000101000011000000111010000111000011111101000000000010111111111110000000000001000010000010000101,
000000000000000001111111111110111110000000000010111111111110000000000000000000000000000011000000000010000000000000000010111100111101000000111100000010111110000000111111111101111101000000111100000011000010000000000010000001111110000001000001111111000000111111111111111110111110000000000100111101111000110101111111111101111111000011111101000000111100000001000001000000000000000001000101000000111101001001111111111111000001000011000001000010000010000011,
000000000000000000000000111110000000111110000001000000000000000001111111000101000010111101111100000000111111000000000000110100000000000001111110000000111101111110111101000000111101000101111110000000000100000010000000000010111101000011000010000000000001111111111111000000000001000000001000111101111100111011111110000001111111000010111101111110111110000000000001000000000010010000000000000001000001010000000000000000000011000100000001111110000010000000,
000001000010000000111101111101111111111111000000000001111110000010111101000001000010111011111011000000111100111111111101110110000000111101000000111111111101000000111101111101111101000101000100111101000101111111111101000101111110000000000010000011000011000000000001000011000010111101000100000000111110111111111111000101000001000010111110111111000101000100111110000000111111011010111111000000111111000110111111000000000001000010000100000000000001000010,
000010000100000001111111000000111110000000000000000000000000000001111011000000000000000000111111000000111110111111000000111111000000111111000000111001000000000000000000111101111110000011000001111111000001111110111110000100111110111101000011000001000101000001000000000010000010111100000100000011000000000001000001000100000000111110000000111110000110000011111001000001111111001111111100111101111011000010111101111110111110111111000011000001000000000010,
000000000100000001000000111110111110000011000000111101000001000001111101111111111111111110000000000000111110111101000001000001000011000000000001110101000001000100000100111111000000000010111111000011000000000001000000000000111111111110000100111101000001000001000000000100000000000000000101000011000011000000000000000001000001111110000000111110000011000010111100000010111101000001111101111011111100000010111110111101111101000000000110000010000000000010,
000000000000000000000001111111111110000000000000111101000000111111111111111111111111111011111111111110000000000000111111111111000100000000000010111100000000000101000011000000111111000100000000000011000000000001000000000000000100000000000010111101000000111110000000000010000010000010000000000011111110000000000000000100000001000000000000111110000000000011000001000000111110000001000001111011111100000001000011111110111111000001000011000000000001111011,
000000000000111111000111000010000010111110111111111101000000000000000000000000111010111100000010111111000000000000000000111111000000000000000000000000000001000001000000000001000000000000111110000111000011000001111111000000000011000000000011000000111100000011000000000001000011000001000011000000111101111111111111111110111111000000000010000000111100000011000010000000111110000000000000000001111110111111000010000000111111111101000000000000000010000001,
111111111111000000000110000000000001000001000000111111000000000000000000000000111111111110000001000000000011000001000000111111000000111111111101000000000000000000000000000000111111111110000000000100000001000000111101000010000010111011000000000001111111000001000010000000000001111111000000111110111101000000000001111110000000000001000000000000111001000000000000000010111101000000000001000101000000000010000000000011000000111110000000000000000010000010,
111110111101000001000110000011000101000000000000000000111110000001000010000000000000000010000000000001000011000010000000111101000000000001111110000011000001000001000001000000000000000001111101000000000000111111111101000011111111111100000010111111000000000001000001000010000100000011000000000000111110000001000000111101000000111100000000000010111111000001000100000001111010000000000000000011000010000101000001000111000001111110111111000010111001000000,
000010111101000000000001000100000001000100111111111111111101000001000000000000000001000010000010000001000011000010000001111101111111111111111111111111000001000001000010000001000010000010000001111110000000111111111101000001000010000000000010111111000001000000000011000000000001000111000000000010000001111111000000000000000000111110000000111110000000000010000001000010111100000000111111000010000000000010000000000011000001111011111111000010110010000001,
000001111010111101000000000011111101000000000010111110111110111111000000000001111100111101000000000001000000000000000001111111111110111101111011000001000000000000000001000000000000000001111111000000000000000000111110000010000001111111000010000000000000000000000001111111111111000111000001000001000100111111111010000000000010111101000011000000111110000001000010000100111110000010000001000000000001000000000000111111111100111100111110000001000000000001,
000011111110111111111101000010111110111111000000111100111111000000000000111110111111111101000001111111000000111110000010000001000000000001111010000000000000000100000000000011111110111110111110000010000000000001000000000010111111000000000100000000111111000000111111000011000000000011000010000011000100000000111111000011111100111011111111000000000001000001000011000000111101000010000000000000000000000000111011000001111000111110111110000000000011000001,
000111111101111111111101000010000000111111000010111000000100000001000001111110111110111011000000111110111101111111000001000101000000000010111001000010111111000011111101000011111100111100000000000100111111000001000101111111000100000010000100111111111010000011111011111110111110000011000001000001000010111010111100000101000001000000000001000110000011000000000000111101000001000000000001000000000101000001111100000011110111000000000000111111000000000011,
001000000000000010111101000101000111000010111110110111000101000000000000000000000010111110111111111110000000000000111101001000000000111101111011111110000000111111111101000010000000000000000011000000111100000000001010000010000111000100000100111101111001000110111100111111111010000001000010111101111111110011111110001000000010000100000100000100000110000000111101110100000000111101000100111101000100000100110110000000110100000110000010000010111101000010,
111101000000000110111001000011001000000000000000000000000101111111000101111010000100111011111011000100111111000001111110111111000000000000111111111110111111000000000100000011000000000111111100000011000011000000001000000001000100000010000010111011111100000001111110000010111011000110111011000001111011111111111100000101000010000000111111111011000010000001111000110100111000000000000101111100000001111110000000000001110101000010000001000000111001000010,
111101000100111010111110110111111110000001000100111110000111000000000010000110000011111110111101111000001000001101000001111111111111110100000001000000000011000001000000110111001001000010110110001010000011000101000010111111111110111111001101000010111001001010111011111001000010001001000110001001111001111001000011001001000100111110000010111111000101000111111110000101111100000101111010111100000000000111000000000000000011111110001100111110000001001010,
111110001000111111111001110111000010000011111011000101000101000101111010000111000110000001111001110111001000000111111000111100111001111010000111001000111110111010000100111000000111000111111001000111111011111100000011000101111011000001001000000111111001000011111100111101000110000110111110001001111001111110000100001000001000110111000101001010000000000110111101111010111110000100111110111001000011000100000101111000110111001001001000001000111011000111,
111110000001111110000000111111000011000010000010111111111100000010000000111101000011111101000011111100000011111111000011000010111111000011111100000010000100000011000001000000000010000011000001000011111111111101111110000010111100111100000010000011000000000011000001000010000010000011000001000100000011111110000011000010000001111101111100000000000010111101000011000000111101111101111110111101000001111110111101111101111101000001000011000000111111000011,
111101111100000011000001000101111100111101000100000010111011000110111100000010111111000000111101111100000100111101000010000001000010000111000001111100000011000100111100000010000100000010000100111101111111111011000010000010111111000001111101000010111100111101111011111111000011000010000001000011000110111110111110000011000010111100111101000101000100000011111100000010000011000000111101000011000010000010111100000101000010111101111101000000000000000000,
111100110101001000000001000011111011111111000101000000000100000011111110000101000010000000110011111100000110000001000010000001000000001000111111111101000010000011110011000000111101000000111111000011111111110111000100000101000000000010111110000000000000111110110110000000001000000011000001001011000011111101000000000100000000111101111011001000001000001010000101000011000000000110111011111110000010000111000000000101111100111100111101111110000000000000,
111101000000000101000001000000111111111010111101111000001000000000111110111011000101000001111011111101111010111010000000000100000010000000000000000011000001111100000000111111111110111101000001000000111101111101000000000101000000000000000110111110000011000011111100000000111111111100111111000000111101000101111110000001000100000010000010111101000000000100111111111100000010000010111011111110000001000011000101000011111010111100111001000001111111000000,
111111111101111000111111000010000011000011111111111101000001000000111100000000111100110111000100111111000000000000000000000001000111111111000111000010000000000001000000111101000100000011000010000101000000000101111010111110111110111000000001111010000011000011111101000000000010000000000010000000000010000010000100000000000011111111111100000001111101000000111111110111111010111111000000111110000000000000000000000100000000000000111110000001000011111110,
000000111100111001111111000010001000000010000000111100000011000000000000000000111001000010000010000000000000000100000000000000000011000001000100000001111110111001000100111011000010000011000000000011111110000110000000000101000100111101000011111000000011111111000000111100000101000000111111000000000100000000000001000000000110000000111010111111111100111110000010111101000000111101111111000000000000000001111110000101000010000010000000000001000100000000,
111111000010111101000000000000001010000010000000000000000000000011111111111110111010000110000011000000000010000011000001000000000001111101000010111110000000111001000100111010000000000011000000111110111110000011111111000011000000111011000001111001000000000001000000000000000001000000000000111111000100000011111111000000000011000000111110111110000000000000000011111010000000111101000010111111111111000000000000000001000000111111000011000001000010000000,
000001000100111110111110000000000111111111000001000101000000000001000010000000110001000010000011111110000000000110000001000001000011000000111111110111000001000001000011111011111110000010111111000000000000111110111100000101111110111101000000111000111100000011000000000000000001000110111111000000000001000011111111000000000000111110111100111110000000000011000010111110000000111100000000111110111111111100000000111101000000111111000100111111000001000000,
000000000111111001000000000000001010000000000000000001000000111111000110111111110001111110000100111111000000000110000000000000111101000000111111111111000011000001000011000000111111000000111110000000000100111110000000000110111110111110000001111100000000000101111110111110000001000100000010000000000000000011111011000000111110000001000000111111111110111110000010111101111111111110000011000010111101111101000000000000111111000100000001000000000011000100,
000000000100111111000000000000000100000010000001000010111110000000000100000010111011111110000001000000111110000100111111111111111100000000111110111110000010000011000101111101111111000000111101111111000000000000000000000011000000000000000001000000000000000011111111110110111101000010000110000000111110111110111111000011000000000001111110000001000000111110000000000000111111111101000101000010111101000010000000000000111010000110000001000000000011000101,
000000000101000000000000000001111111000011000000000001111111000000000000000011000001000001000001000000000000000100111111111111111110111110111111111100000001000001000100111111111101000000000000000100000000111111000000000100000000111111111111111110000000111111000000111011111101000001000011000000111001111110111111000000000010000000111111000000111011111110000000000011000000111100000101000000111111000100000000000000111101000101000100000000000001000011,
000000000010111111111100000001111101000100000000000100111101000010000001000101000011111111000000000000000000000101111111110111000000111111111110111110000010111111000011111111111101000000111100000010000001111111000010000011000011000000000000000000000000111110000000000000111111000100000011111110111001111010111111111101000000000010111110000001111101000010000000000001000000000011000000111110111111000101111110000010000000000111000011000010000010000100,
000010000010000000111110000001111110000010000000000000111111000000111100000000001000111110000000000010111111000011111111110110111110000000111111000000111111000000000000111111111100000001111101000000001000000100000001000101000000000010111111000001000000000000000000000000111110000000001001000010111011111011000000000001000000000111111110000001111101000010111110000011000001011010111111111110000000000101111110000000000010000100000010111110000010000101,
000000000100000001111101000010111110111110000000000000000000000000111011111110000010111101111101111111000000000001111101111101111110111110111111111010111110111110000001000000111101000000000011111111000100111101111111000011111111000010000001000100000011000011000001000011000001111111000111000100111100111100000000000011111111000010000000000000000000000001111010000100000000010100111100111101111110000001111101111101000001111111000010000000000001000101,
000000000110000000000000000000111111111111000000000000111111000001111101111110111110111110111101111110111111000000111111000000000000111111000000111011111111000000000011000000111101000101000000000000000010111101000001000010111111000000000011000001000001000010000001000101000011111110000110000011000000000000000000000110000001111111000011111111000010000011111011000011111110111101111110111001111010000001111011111011111110111101000100000110111101000100,
000000000100000000000010000000111111000000000010111100111111111111000000111011111111111101000000000000111110111111000000000000000001111111000011111110111110000010000010111111111101000101111111000001000001000001000001111110000001111110000101111111111111000000111111000001000000111111000101000010000010000000000000000101000000111110000010111110000011000010000000000001111110000000111110111110111100000000000000111001000010000000000101000001000000111111,
111111000010111111000101111110000010000001000000111101000000111101000000111101000000111110000000000000000000000001111101000000000000000000000011000000111100000010111111000000000000000011111100000101000000000000000000000000000011000000000100000000111111000000000000000000000010000001000000000011111101111110000000000011000000000000000000000000111101000001000001000001111110000010000000111111111101000001000101000000000000000000000110111100000010111011,
111111000001000000001000000000000011000000000000111010111111111110000000111110000000111110000011000001000000000000111101000001000001111111000001000011000010000000000000000000000000000101111100000110000010000001000000000000000001111111000101000000111111000001000010000000000001000001000000000011111101000000000000000000000000111111000010000000111011000010000001000001111110000000000000000000111111111110000001000000111111111111000010111110000000000000,
111101111110000000000110000010000000000000000001111111111110000000000000000000000001000100000010000000000011000001111110000000000000111110111110000010000010000000000000111111000000000001111111000010111111000000000000000011000010111100000010000000111111000001000000000001000000000001000000000000111101000000000000000000000000111111000000000000111111000000000010000001111110000010111110000001000000000001111111000101000010000000111111000000111010000010,
111101111011111111000011001000000100111110000011111110111111000010000011000000000010000101000000000001000010000100111101000000000000000000111111000010000001000001000000111111000000000000111111111111111100000000111111000011111101111101000011000001000000000001111111000000000001000011000000000001000000111111111101000000000011111111000000000000111111000011000010000000111110000001111111000101000010000001111100000011000000111110111100000010110101000010,
111110111010111011000001000111000110000001000000111101111111000000000011000000111101000010000000000100000010000011111110111110000000000000111110111111000000111111111111000001000001111111000000000010111111111111111101000000000000111101000110000000000000111101111111111110111111000101111110000011000010111111111100111100000000111111111110000000111111000011000001111111111101111100000000000000000001000010111111111111000001111110111101000001111000000010,
111110111001111110111111000000000001111100000010000000111110111110111111000000111101000001111110000000000000000000000011000000000000111100000001000001000000000000000000111110000000000000000000000101111110111111000001000011111110111110000110000100111001111101111110111110111111000011111110000100111111111111000000000101000000111101000010111111111111000000000011000000111101000000000000000000000011000000111111111001111000000000000000000100000010000011,
000000111011000100111101000001000000000000111100111111000011111111000000000010111110000001111011111111111111000000000010111110000000000000000000111110000000111101111100000000111111111100000001000001111101000000000001000001111111000100000010000000111001000000111111111101111111000011111110000010000000000000000001000110000000111101111111000000000011000000000010000010111110000001111111000001000111000000111110111111111001111111111101000011000000000010,
000000111111000010111010111111000100111110000000000000000101000001000001111101111110000010111011111110111100000011000000000010111111111101000000000101111110000001000000111110111010111110000000000100111110000010000110000011000000000010000110111111111110000010111101111100000000001000000000000010111101111011000010000111000000111110000000000000000000111110000000000000000100000010000000000000000100000001111101000000110111000000111101000011000001000000,
000001111111000010000000000000000100111100000000000010000100000000000001111101111100000000110111111011000000000000111110001001000000111101111111000010000000000000111111111100000001000001000001000110111100111011001011000101000000000010111111111101111111111110111100000000111110001000000011000100111111110100111101000111000000111111000010000001000101000100111101111011000000000001111100111100000000000011110110000001111100000000111111000001000000111111,
111101000000000011111010111100001000111111111110000110001111111011000111000011000100000001111010000101000000000011111101111111000010111100111010000000110111111000000100111011000010001011110010000100000100000000001000000101000000000110000111111110110110000100111010111000111111001001111100000000111100111011111101000101000010000001000111111000111100000110111001110110111001000101000001110110111011111110111111000000101011001000001011000011111110000001,
000000000001000000111110110110000111111110111110000010001000111010000000000110001100111111111010110110000110000110111110000010111100110111111111000101000000111101000000111001000010000010110111000101111110111101000101000010111001000010001111000001110110000011111010111111000101000110111101000000111000111010000001001000000101111111000101111011000010000110111100111010111011001010111100110111111101001001111111111110111010000101010011000001000010001001,
000000000100111101111001111001000101000011111101111110000100111111111001000111000101000001110111111001000100000110111001000000111010111010001001111101000000111101000110111111000111111111111010000111111001000000000011000010111011000010000110000110111000000101111100111110001000000111111101000001111100111111000011001001001010111101000101001000111110111111111111111001111110000100111101111001000000000101000000111010111111000110000000000100111010000110,
000000000000000000000000000000000000111111000000000000000000000000000000000000000000000000000000000000000000000000000000000000000000000000000001000000000000000000000000000000000000000000000000000000000001000000000000000000000000111111000000111111000000000000000000000000000001000000000000000000111111000000000000000000000000000000000000000000000000000000000000000000000000000000000000000000000000000000000000000000000001000000000001000000000000000000,
111100111011000000000000000100111101111101000101000101111011000101111110000000000000111111111011111010000100111011000011000011000011000100000100111100000100000100111011000010000011000010000011111110111101111011000000000010111101111110111110000100111110111100111101111111000010000001000010000101000101111111111101000101000100111011111101000100000101000010111100000010000000000000111010000011000001000001111100000011000110111100111100000000000100000000,
111110110111000010000011111111000000111111000111111101000100000001000001111111000000111110110010111010001010000011000110000100111111000001000000000010111110000010111001111110111010000000111110000110000001111000000000000101000000000010000010111101111000111111111100111111001110001001000001001011000000111110000000000100111110111101111011000110001011000011000110000001111110000100111101111110111110000011000010001000111110111011000010000010111110000100,
111011000000000110000001000001111111111011111111111001001010000110111111111101000001000100111010111010111111111101111100000001111110000011000100000000000001111111111100111111111111000000000000111110111110111101000000000010111101000000000011000000000001000001000010000000000010000010111111000010111111000011111111000111000000111100000001000000111011000111111101000001000011000000111010111101000110000010000011111101111101111100110110000101111001111111,
111111000000111111111110000100000010000001000000111001001010000000111011111110111010000011111101000000111111000000000011000010000000000110000000111110111111111111111110111101000110000010111110000000111111000000111101111111111100111011000100111000000010000010111110111101000011000011111101000001111101000100111111000001111110111101111011000000111011000000000000111101111100111101111111111101111101111110111111111111000000000001111100000011000000000000,
000000111001111001000000111111001010000000111110111110001010000011000000000000110111000011000000000011000001000000000001000000000010000001000001000001000000111101000000111110000000111111000000000001111101000110000001000010000110111111000100111100111111000011000000111111000010111110111111000001000001000001000010111110000000000000111011000000111111111111111111111101111110111111000010000000111110000010111011000001000001000000000000000011000000111101,
000000000000111100000000111110001111000000111111111100000101000000000000000000111001000010000000000000000001111110111110111111000000111011000010111110000000111010000011111101000000000000000000000001111101000011000001000010000001111111000011111100111110000000000000111110000000000000111101111111000010000110111110111111000001000000111101111100111111000000000001110111111110111111000011111111111111000000111111111110000000111110000100000000111101000000,
000001000100111100000000000000001100111111000011000001111111000010000000000010111011000001000000111100111111000100111111000000000000111110111110111001000010000000000010111110111110000001000001111110000001000001000010000010000010111100000000111101111101000001000000111100000010000011000001000000000100000111111111000001000000111101111111111111111111000001000001111110111111111111000000000000111110111110111110000001111111000000000100111110000001000010,
000010000101111010000010000000010001000000000000000000000000000000000011000001111011000001000000000000111111000101111111111110111100000000111111111100000001111111000101111111111111000000111110111101000100000010000000000100111110111111000000000000111101000100111111111011000000000100000000000000000010000101000001111111000000000001000000111111111111111100000000111100111110000010000011111111111111111111000001000100111111000010000001000000000000000001,
000011000010111110000000000010010001000000000001000001000000111101000011000011000000000000000011111110000000000110000000111010111000000000000000111100000010000001000110000000000000000000111110000000000010000101000000000001111111111111000001000010000001000111000001110111111110000001111110000000000000000011000000111111000000000010111101000000111111111101111111111110111111000000000110000001111111000001000011000010111110000101000000111111000001000011,
000000000011111101111111000001001110000011000000000011111101000000000010000100000011000000000001000000000010000111111110111011000001111111111111111100000000111111000111000000111101111011111111000011000010000010000011000011111110000000000001000000000010000011000010000000111110000001111110111101000001000000000000111101000001000010111110111111111100111110000000000001000001000000000010000000111111000100000000000010111110001010000000000000000000000101,
111111000001000000111100000010001000000010000001000000111100000000000010000101000101000001000010000000000000000110111111111000111111111111111100000000000000111101001010111110111011000001111101000011000011000000000110000010111110000000000000000010000001111111000010000110000000000000111111000000111111000000000000000000000000000110111110000000111111000000111111000010000000001111000000000001111111000101111101000001000010001000000011000001000000000101,
000000000100000001111101000000000011000001000000000001111100000000111110111101000101111110000000000001000000000101111110110110111101000000000000000000000000111111001010111101111011000001000000000000000011000000000100000100111011000000111110000010000000000010000010000110000001000000000000000000111100111110111111000001000010000111000000000001000000000010111100000010000001010010111101111110111111000011111101111110000000000000000011000000000001000101,
111111000101000000111111000000000011000000111110000000111110000011111001111100000000000000111110111100000001000010000000111101111111000000000000111001111101000000001010111111111101000001000000000000000011111101000100000000111101000010000001000010000001000011000010000100000001111111000011000011111100111011000001000001000000000000000000000000000001000001111100000001000000000011000000111011111011000010111001111110000000111001000010000011000001000100,
111111001001111110111111111110000001111111000010000001111111000000111101111100111110111111000000111110111101000000000001000000000011000000000000111000000000000010001000111111111110000001111110000000000001111111000011000000000010111101000011000010000011000001000000000101000000000000000000111101000000111110000011000010000001111111000011111110000000000000000000000001111111111111000000111100111011000001000000111100111111111100000011000001000000000010,
000010000100111111000001111111000010111111000010111111111111000000111110111010111100000001000001000010111101000000111111000000000011111111000011000000000000000000000100111111111110000100111110000011000000000010000001111111000011111110000100000000111111111101000000000011000001111111000000111110000001000000000000000100000000111110111111111111000000000000000011000001111011000001000000111111111111000000000100111101000000111111000100000000000000000000,
000000000001111111000111000000000010000000000001111101000000111100000001111101111111000010000000000000111110000000111110000001000010000000000010000010111100000000111111000001111111000001111110000101000000000000000000000000000000111111000011000001111110000001111110000000000000000000111100000001111111111111000010000010111011000000000000111111111111111111000010000000111101000001000000000010000000000010001000000001000010111101000101111101000000111110,
000010000011111110000011000000000010000000111111111100000000111111000000000000000010001000000011000000000001000000000000111111000010000000000011000011000010000001000000000000000001000101111101000010000000000000000010111101000000111111000001000000000000000000000000000000000000000011111010000010111111000010111111111110000000111110000001000001000000000000000010000001000000000010111110000011000010111110000000000101000010111111000010111110111011000000,
111111111111111111000010000110000001111111000000111011111110000000000001111110000000001000000001000000000001000010000000000000000001111110000000000101000010000000000000111101111111000101000000000000111111000000000010000000000010111101000100000010000000000000111111000001111110000011111110111110000000111110111100111110111111000000000010000000111110000011000100000001111101000001111101000001000010111110000000000001000100111111000000000000111000000000,
111011111110000000111111000111000000111110000001111101111111000011000000000000111111001001111100111110111111000100111110111111000001000000000000000000000001000000000000000001111110000001000000111011111110000000000011000100111110000000000000000010000010000010111111000000000001000011111101000000000010111110111011000000000000000001000000000000000001000011000000111111111111000001111111000101000001000000000000000010000001111111111001000000111010000000,
111100111011111101111101000010000011000000000000111101000001000000000011000000111100000011000001000010111110000011000000000000000000111110000000111111111101111101000000000010000000000000111110000001000000000000000000000000111111111110000010000100000010111111000000111111111110000010111101000000000011000000111001111111111111000000111111000000111110000001000000000000111111000000000000000000000010000000000000111110000001000000111010000000111110000000,
111101111011111111111101000000000000111011000101000000000000111110000000000000111100000011111111000000000000000001000101111101000001000001000011111111000010000000111110111111000000000000111100000011000000111100000010000000000000111110000100000101111010111111111100111101111111000001000000000011000000000001111101000011111101111111000000000001000000000010000100000011111111000000111110111111000010111111111111000000111011111111111110000010000100000010,
000000111110000001111110000000000000111111000000111110111110111010111111111100111110000010000000000001111110000000000011111110000000000011000100111110000011111110111111000010111101111101111101000001111110111110000001000001111110000001000000000010000000000011111110000000000000000101111111000001000000111110000011000011000000111110111111000001000011111111000010000010000001000010111111000010000101000000000010000000111010111111111010000000111111000010,
000000000000000000111110000000000001111111000000111111000101111110111110111110111011000001000000111111111110000000000001000100111101000000000101000000000000000000111110000010111010111011000001000101111110000010000100000101000000000000000000000000000101000010111100111101111111001000111110000010111110000000000000000110111110000001000000000011000010111110000000111111000000000000000000000100000100000000111100000100111100000000111011000000111101111111,
000100000000111101000011111110000100000001000010000000000110111101000000111000111100000101000000000000000011111111000001000010111011000000000000111110000001111100000001000011111110000001000101000110111101111110000100000110000100000001111111000100000010000000000001000010000000000010000100000011111111111011111111001010000010000000000001000111000011111101000011111101111100111111000000111111000001111111111100000000111011000100111111000010111110000000,
111100000100111000110111110101000111001011111010000101000110111110111111111101000010000000000000000101000010000110000100000000000000111101111110111111000010111011001100111111000111001100111000000100000000111101111101001011110111111110000100001010000000001000000010111110111011000000000010000000111011111010000000001001000011111010001010001000111001000011000011111110110101000010000011111001000111111111111111111001000000001101001011001001000011000001,
000010001010111100111111110101000101000101111100000100000101111101111101111111111111111110000000000001000000111111000010000001111010111101111111000111000011111011001001000000000010000001110101000101000000111011000010000110111111111101000010001000111111001000000010111110000100111110000010000010111001111001000101001000000010111100000111000101111110001000000010000000111110001001000000000000000100001001000110000000000110000011000111000001000011000000,
000100000100111101111100111011000100000110111010111011000101111011111011000100000001000011111001111101000110000111111010000011111101111011000101111100000011000001000000000100000110111100111101000011111011000100000100111110111010000111111111000000111011111111111111111101000100000111111011111101000000111111000100000110000101000101000100000101111001111011000011111000000101111110000100000000000000111111111100000000000100000110111101000100000000000110,
000011000001111001000010111101000100001000111010111110111011000101111111000000000000111101000010111011111110111011000000000100111101111111000011000101000101000100000011000011000110111101000011000001111110111101111110000000111101111011000000000010111011000001000110000111000000000011000001111111000011000000000101000001000011111110000010000011000001111010111101111101111111111100111110000110000011111100111101111111000101000010111111000101000000000110,
111101111101000000000010000010111101111110000100000011111011000011111101111110000010111110111100111001000011111101000011000001000000000011000000111110000010000100111100000000000011000000000010111111111100111101000000000000111110111100111110000000111111111111111101000000000011000001000011000100000101111101000000000100000010111110111100000001000010000000111111000011111110111110111011000010111111000000111100000001000100111101111110111110000001000010,
111111110101000000000111000010000010111101001000111110110111000110000010000000000000111111111010110110000100000000000110000110000101000000111111000011000000000111111001000010111011111101000011000111000000111001000001000000000000000000111111111010111000111101000001000000001100000110001001001000000110000000111110000000111101110110111001000111010000000000000101000110000000000001111101000100000010000001000001001011000101111001000000000011000100000111,
111011000000000111111111000000111011111111000010110111000110000100000001111110111111000010111010111000111101111101111110111110111100000101000001111011111111111101110111111110111111000011000000111101111110000000111111000100000000111110000011000000111110000011111100111111000101001100111011000100111101111110111001000101000000111010000000000000111101001100111101000101000000000101111011111100000101001000000011111110000000111010111000000100111000111010,
111111000011000100111100000000000101111110111110110110000111000010111111111111111010000111111110111111111101111111000001000000000001000111111101000000111111111110111111111111000111000000111101111111111010111101111110000000000010111101000100111111000000000000111011111000111111001001111100000001111101000001000000000010111110111111111111111011111000000101000001000100111011000010000000111011111101000001000001111101111111000000111111000000111011000000,
000000111011111101000000000000001011111101111101111010001011000001111111000010110000000111111100000000000010111010000001000000000000111110000010000001111111000001000000111111000010111111000001111110111110000101000110000000000011111111000100000000111110000011111111111010000000000001111111000001111101000110000000111111000000000000111101000000111110111110000000111101111101000000000001111111111011000011111101000000000000000010000000000000111010000000,
111111111110111110000001000000000111111110000000111011010000000010000000000010111100000111111111000000000001111110111111000000000000111100000011000000111111111100000001000000111111111110111111111101111110000001001000000011000000000000000011111111111100111110111110111011111111000001111110000001000000000110000000000001111111000001111100111111000000000000000001111011000000000000000010111110111110000010111110111111111111111110000011000000110111000000,
000000000000111111000000000000001011111101000000111110000111000001111110000100111110000010111111111110111110000010111110111110111110111010111110111110000010111101111101000000000000000010111100111101111101000001000111000011000010111100111111000000111010000000111111111011111111000010111110000010000010000101111111000000000001000001000011000000000000000000000011111101111101000000000010000000111110111111111110000001000000000000000101000000111101111111,
000011000000111101111111000000001110111110000000111111000100000001000000000101000000000101111101000000111111000011000000111010111011000001000000111101000001111110000000111110000000111110111110111110000000000011001010000000000000111100000000000000111100000000000000111000000000000000111010000000000010000010000010111111000001000000000001000000000000111101000001111001000000000000000001000001000000111111000000000011000001000001000010111111000000000000,
000000000000111111111110000010010010000000000001000001000001111111000001000100000100000110000000111111000001000010000010110111111011000010000000111101000010000000000010111111000000111111111010111011000000000101001000000010111111111111000011000001111111000011000000111100000000000010110111111101000011000010000001000000000001000011000000000000000010111101000000111001000000111111000000000011111101000001000010000000000000000100000011111111000100000000,
111110000001111111000000111111010010000010000000000010111111000000000001001001000100000111000000111111000001000001111110110111000001111111111111111100111111111100000101111111000000000000000000000000000010000101001001000010111100111111111101000001000000000011000001000011111101000010111001111011000100000011000000000000000000000010000000000000000000000000000000111001000010000010111111000100000000000000000000000001000001001000000001000000000001000000,
111100000000000011000000000001001110000010000000000000111101000000000000000011000001000100111110000000000001000011111110111011000000000000111110111011000010111101000111000000000000111111000000000000000000000100000111111110111011000000111101000000000000000011000000001000111111000000111100111110000001000011111111111111000000000110111110000000000000000001111111111011000000001010111100000100111110000100111011000001000011000001000010000000000000000001,
111110000000000100111101000010001011000011111110000001000000000010111110111100000100000100111111000010000000000011111111111110000000000000111110111011111110111110000110000000111111000000000000111111000010000000000101111111111101000001000000000001000000001001000001000100111111111111111010000000111101111110000000000000000000000001111110000001000000000100111100111100000000001100111101000000111100000110110111000000000011110111000110000010111110000011,
111101111111000000000000000000000111000001000001000011111110000010111101111001000001000011111111111111000000000000000000000000000000000000000000111000111100000000000101000000111111000010000001000000000001111011000101111111000000111110000011000011000010000011000010000110000001000000111110000001111100111101000010000001000001000000111100111110000000000000111111111011000000000010000001111111110111000100111100000000000001110111000100000010000010111111,
000000000010000000000000111110000100111101000000000000111111111111000000111101111110000010000000000010111101000000000000111111000001000000000001111100111110000000000100111111000000000100000011000000000000000010000010000000000100111101000010000001000010000010111101000010000000111110111110000000111111000000000001000000000001000000000001111101000000000001000001111111111101000000000010111100111101000001000100000000000001111111000110000000000000000001,
000110000000000010000011111110000011111110000001000000000000000000111110111111111011000111000000000011000000000010111110000000000010000000000011111111111111111111000011000001000000000001000000000010000001000000000001111111000010111101000010000001111111000001111110000011000011111111111110000000111111111111000010000110000000111111000000000000000000000001000001000000111101000010111111111110000000000001000010000000000010111110000110111110111111000000,
000010000000000000000110000000000001111111000000000000000000000000000000111111111111000110000000000000000010000000000000000001000011000001000011000000111110000010000000000000000001000011111110111111111111000000000011000000111111111111000011000000000000000000111111000000111110000000111100000010111110000000000000000000000000111111111111111111000001000001000010000001111110000010111010000010000001000000000001000001000100111110000101111111111101000000,
000100000000000000000000000001000010000001000000000000111111000000000000000001000010001001000000111110000001000011000000000000000000000000000100000001000000000000000000111110000001000110111101111111111111111110000011111111000000111110000010000000000000000000000000000001111110000011111100000001000010000000000000111110000010111101111111000001000011000000000010000001111111000010111110000000000100111110000001000011000011111111000001111110111101000000,
000000000000000010111110000101000010111111000011111111000000000000000000111111000000001010111111111111000010000011000000111111111111000000000000000011000010000000000010111011000000000011000000111011111100111110000011000000000000000000000101000001111111000000000001000000111111000010111111111111000011000000111111000000111110111110000000000010111111000010000010000000111110000000111111111111000001000000000000000001000100111111111111111101111000111111,
111111000000000010111110000100000000000000000000111110000000000000000000111111111100001101111111111111000000000011000000111111000000000000000010111110000000111111000000111111000000000001111100111001111111111111000000111111000000000001000000000000000000000000000011000000111110000001111101111111000011111111111011000000000000000000000000000001000001000011111111000000111101000010000000000001000010000001000000000000000000111110111001111101111001000000,
111110000000111110111110000000000000111111000010111110000001111111000000111111111110000111000000111111111101000000000000000001000000000000000100111110000000000000000001000000000000000000111110111001000000111110000001000010000000111111111111000000000000111101000101000000111101000001000000000001000001000010110111000001000000000000000001000000000001000010000000000000111111000000111101000000000011000001000001111111111010111111111101111101000000000000,
111110111111111101111110000000000001111110000001000000000110111110000010111110111110000101000000000010000000000001000010000000000010000010000100000000000100000010000000111111000000000000111011111100000000000000000100000000000000111101000010000000111011000010000001111110000001000100111110000001000001000010111011000011000000111111000000000001000000000011000001000000000001000000111111000000000011111111000000111110110110111111000000000000000110000000,
000000000000000011111111000000000000000000000001000001000011000001111111000000000000000111111111000001000000000010000001000001000010000010001000111110000111111101000000000001111110111111111001111001111101000000001000000000000000000000000000111101111011000110000001111111000000001101111101000000000001111101000000000110000010111110111111000001000010000000000001000000111111000001111110000000000011111111000001000000110110111110111110000000000001000100,
000000000001000110000000111110111110111101000000111111001000000000111110000010000000000111000000000000111110000010000000000100111110000001000011111101000001111011000000000001111100111100111110111011111011000001001010000010000010000010000000111100000000000011111110111101000001001111000000000001111111000001000000001010000000000001000000000000000000000000000100111101111111000000000001000010000000000000000001000011111000000011000000000011000010000001,
000000000100000100000000111111001001000010000010111110001110111011000001111011000100001010111110000001000010111110000001000010111110000001000011111100111111110101000100000100000000000000000001000000111100000010000110000001000000000101000010111110000001000001111111000001111110000110111111000000000000111110111101001111000100000100000010000001000001000010000011111110111100111111000000111010000000111110000011111101111001000100000100111101000000000010,
111100000001111101110100111000001011001001111001000100001001111110111101111110000100000000111100000000000010000010000100000000111100000001000110000011111110110110001100111111001000000111111101000000111011111001000000001001111000000001000000000011000001000001000000000010111011000000000000111011000000110111000001001001000110111100000110000011110100000011000001111100111000000101111111101111000011000010000100111100000000001110000111000001000011111111,
000000001010111100000010111000000111000110111011000010111111000011110100111011000001111010000010000000000011111110111010000000110110000000111100000101000011111110001001000011000001001000111001000010111101111101111100000100000001111100111111001000000011000111000011000011111110111101000100000011110100111001000111000100000100111100010001000101111110111111111110000000111100000110000001000000000001000101001011111100000110000000001000000010000100000001,
111110000110000011111010111001111101111110000101000110000000111110111010000100001000111011111001111010001010000101111101111110111100111101000000000111111011000000000100111011000100000110111000111111111011111101000100000110000001000110111110001001000000000001111010111110000101000000111011111101111010111011000001000101001001111101000101111111111011000110000000111110000010000011000001110111111100000100000111111011111101000111000110000110000100111110,
000000000000111111000000000000111111000000000000000001000000111111111111000000000001111111000000111111000001000000000000000000000000000001000000000000000001000000000001000000111111000000000000111111111111000000000000000000000000000001000000000001000000000000000000000001000000000000111111111111000000000000000000000001000000000001000000000000000000000000111111000000000000000000000000000000000000000000000000000000111111000000111111000000000000000000,
000011111100111100000000111100000111000110111111111010111110000010111111111110000010000100000000111100000011111110000000000111111110000000000100000100000100000110111110000100000111111001000010000011111100111100000000000000111010111010111100000100111100000110000101000100111101000110111011111100000101111100000100000100000001111011000001000100000100111011111011000000000000111011000010000110000110111010111010111110000101000101111110000100111011000111,
111000111011000010000011000000000011111111111110111101111100000111000010000001000000000101111011111111000000000000000010000101001000111111000010000111000001000001000000000101000011111011000011000000111100000101000101111010000010111110000001000001110101000010111111111011000000000110001001000000111111000011111101111101000100110010111111000100111111000001111111001001000101000010000000000101000010000000111100000000000001111110111111000001111101001000,
111001000010000100111101000101111010000000000110110111000100000000000110000000111100000000111110111001111011000000000000111101000000000000111101000000111111111101111010000011111111000000000010000100111101000110111101111111000010111101000000111111111110000010111001111011000010001000111101001100111101111011111010111101000000111110111111000010111101001100000000000100111101000011111111111110111110001001000000000000000000111001111010111111110101111100,
000000000011000101111011000000000101111100000001111001111111000001111110000011111010000001111101111111111110000000111110000000000011000100111110111111000000000000111100000000000100111100111101000000110110111110111101111111000001000000000001111111111110000001111010110111000000001001111101000010000000000001111111000000000000111111111110000001111010000011000000000101000000111110000000111110111111111100000000000000000000111101111010111110111100111101,
000000111010000010111110000011000010111001000000111100000001000000111110000110110011001010111010111110000010111100000000000000000010111101000001111110111111000000000000000000000010111110000000111101000001000001001000111110000000000001000100111110000000111111111010110110000000000110000000000001111011000011000000000000000000000000111111000000111111000010111111111111111101000000000000111110111011000000111111000000000001111110111101000010111011111010,
000000111001111111000011111101000010111110000000111101000101000010000001000000111100000011111101000010000001111111000010111111111111111110000011000000111110111110000000000000000000111011111110111100111101000000001000000010000000111110111111000011000000111011111101111010000000001010111110000000000001000000111111111111111110000000111111111110000000111111000010111010111111000000000001000000111101000001000001111011000010111111000000111010111101111010,
000001111111111111000000111111000001000000000000111110000100111111000000000101000000000001111100000000000000000000000010111111111100111110111111000000000000111101111110000000000001111111111110111110111011000001000110000000000000111111111101000100111111111110111111111011000010000100111100000000000001000001000001000000000001000000000010111111000001000000000011111011111101000001000001000010111111000000000000000000000011000001000000111110111101111010,
000011000000000000000000111111000100111101000010111100000111000001000011001000000000000010111101000011000000000000000000111110111011000000111101000000000010111111000000000000111111000010000000111100111110000100000111111111000000111101111111000001111101111110000000111101000010000001110101111111000010000010111111000000000000000010000001000010000000111111000000111011111110000000000010000001000000000000000000111101000000000011000000111110111111111011,
000000111111000011111110111110000101000000000011000000000101000000000101000110000001000101000000111111000011111110000000111010111101000010111101111111000001000000000000111110000001000000111111111010000000000010000011000010111100111101000000000001111101000001111111111101000001000011110111111111000110000010000000111111111111000000111111000000000000000000111110110110111101111110000010000011111101111101000001000000000001000011111111000000000000111011,
000001111111000000111111111011001000000011111101000000000100000000000001000101000010000111000000000001000001111111111110110110000000000000111110111101111111111100000000000000000100000000000000111111111111000100000101000011111101111110000000000000000000000100000000000100111111000010111010111111000101000010111111000000000000000000000000000000000000000010111110110101111110000010111101000101111101111100000010000011000001000101000001000010000000111000,
111111111111000100000000111111001010000011111100111111000100000001000001111110000100000011000000000010000010000010111100111010000000000001111101111110111110111100111110000000000101000001000000000000111111000010000100000000111101111100111111000000000010001010111111000110111111000000111100111110000010000000111110000000000000000001000100111101111111000100000000110111111001000111111111000010111110111111111110000011000001000000000011000100000000111101,
111101111110000001111111000000001001000010111011111110000101000000111100111100000011000100000001000010000100000010000000000000000000000000111111111011111110111110111101000001000101111110000001111110000000000001000101111111000000000000111110000000000011000111111111000000000000000000111001000000111111111110000000000000000001000000000000111111111101000000111111110110111110000110111110000001111111000100111010111111000001110111000000000100000000000000,
111111111101000000000000000000000101111110000001000010000010111110111101111010000011000001000000111110000000000000000000000000000000111111000000111000111101111101111111000100000110111111000100111111000000000001000011111110000011000010111111000101111110000001111111000000000001111111111100000000111101000000000001000001000011111111111101111101111111000000000000111100111110000001000010111110111101000101111110111111000000111010000000000010000010111111,
000001111110000001000010111101000010000000000000000001000000000000000000111110111110000001000001000000111100000010000011111110000010000010000010111110000000111110000000000001000100000001000100000000000001111111000010000000000101111111111110000001111111000001111101000000000001111111111110000001111111111111000001000010000000000000000000000000111110000001000001000000111101000000000000111110000000000001000000000010000001111110000110000010000000000001,
000100000000000001000011111101000010111111000000000010000010000001000001111111111100000110000000000000000000000010000000000000000000000001000000000011111111111111000000000000000010000010111110000000000010111110000001000000000001000000000001000010111111000001111100000001000000000001000000000000111110111110000001000100000000000001000000000000000001000001000011000000111110000100111101111110000001000001000000000011000010000000000101000000111110000001,
000110000000000011000010000011111101111110000001000011000001000000000001000000000000000111111110000000000001111111111110111111000010000000000011000000000000000000000000111101000000000101000000111101000000000000000101111111111111000001000010000001000001000000111101000000111111000000111110000000000000000000000010000000000000000000000001111110000010000011000011000010111110000001111100111111000001000010000010000001000001111111000011000000111110000000,
000011000000000100111100000100000011000000000000000000000000111111000000000000000001001001111111000001000000000001000000000010000001000000000100111111000001000010000001111100000000000000000000111010000000111101000110000000000001000010000001000000111101111111111111111111000010000001111111000000000011000000000000000000000010111111000000000010000001000000000001000001111111000000111110111101000010000000000000000001000001111101000000000000000001000000,
000000000000000001000000000110000000000000000001000010111111111101000011000000111111001000111111000010000000000010000000000000000101000001000100111111000010000000000000111011000000000000111111111010111110111110000011111111000000000010000000111101111100000000111111111110111111000000111110111110000001000000111110111111000000111111000000000001000000000000000000000000000000000000000000111101000001000000000001000000000100111101111101111110110101000000,
000000000001000000000000000101000000000000111111111111111110000000000001000000000000001001111111000000111111000010000000111111000011000000000100111111000010000001000010111110000001000001111101111001000000000000000000000000000000000001111010000000111111111111000001111111111110000000111111000000000010111111000000000000000000111110000000000000000000000101000001000001111111000000000001000000000010000001111111000000111010111110111110111111110101000001,
111110000010000000111110000000111111000000000010000000000110000000000000000001111110001001000001111111111101000000000001000000000001000010000011111101000000111110000000111111000001111101111111110100000010000000000011111111000000000001111100111111111110000000000001111110111010000101111110000001000001000000111000000000000010000000000001000000000000000010111111000000111111000000111101000000000010000010111110111110110010111111111111000000000000000000,
111111000010000001111110111111111110111100000000000100001011000011000011000001111111000110000001000001111111111111000000111111000100000001000001111110000001000000000000111101111111111111111011111001000000000001000110111111111101000001000000000000111010000101000000111010000010000111111111000000111111111111111000000011000010111110000000000001000000000010000100000000000001000001000000000001000001000001111111111110110101000000000000000000000100000001,
000001000011000110000000000000111110111111000011000110000111000010000001000101000000000110000001000011000000000001111110000000000000000010001000111111000101111011000000111100000000111100111010110100000000000001001010000001000000000111000000111111110101000001000000111101000010001010111111111111111111111010111100000100000011000000111110111111000001000000000000000001000011111111000001000010000000111110000010111111110001000101111101000011000010000000,
000000111110001001000010111111111101111110000001000010000111111111000000000011000010000101000000000000000000000000111101000011000001000010000110111011000011111010000001111101000000111111111011110110000000000000000111000010000011001010111100111111111100111111000010111100000001001101000001111110000000110111000000001001000011000000000000111111000000000010000000000000000011000101000000000000111111000010001000111111101110000100000001000100000100000010,
111010000011000010000100111111000010000010000011111100001010000000000010111011000000001001000000000000111101111111000000000100000000000100000011111110000000111101000010000101111111111101000001111010111100111111000010000000111110000000111011111111000010000000000001000011000001001000111010111110000101111101111110001001000000000011000000111011111110000000000000000000111111000110111110000000000000000000000101000011111010111111000001111011000011001001,
111101000010111110101110111001111111000000111111000110000000111101111101111111001001000100110111000001000001111101000001000000111101000010000101000011111111000010001100111101001000000110000010111100111001111011111101000011111111111111111001000011000001000001111110111110111100000000111100111001000100110010000011000011000011111111001000111010110001111101000000000011111101000001111010110100000100000100001010111100000010000011000010111111000100000000,
111101000110111111110001110101001010000100110110000100001010000001110101001011010101111101111001110110001011000010111010111111110111000000000000001010111101111110001101111010000010010001110101111110111001111101000010000100000000001100000001000101111110000100110011000011000101111111111010001000110010111011001011001000001010111111001010000010111101000011000011110011111011000111000000110000111101000111010001111010000010010110010011001101000100000010,
111101000100000001111010111101111101000000000100000100111101111110111100000000000101111101111011111101000101000011111110000001111110111111111111000101111110000011000100111001000010000101111011111110111101111110000001000110000000000010111101000100000011000001111101000011000000000000111101111101111110111101000000000010000101111101000001000000111110000100000011111110000010000001000010111011000000000000000100111011111110000110000110000100000100111111,
000000000000000000000000000000000000000000000000000000111111111111000000000000000000000000000000000000000000000000000000000000000000000000000000000000000000000000000000000000000000000000000000000000000000000000000000000000000000000000000000000000000000000000000001000000000000000000000001000000000000000000000000000000000000000000111111000000000001000000000000000000000000000001000000000000000000000000000000000000000000111111000000000000000000000000,
000100111101111101000000000100111111000110000000111001000011000000000000000100111011000011000010000101000101000010000111000011000000000011111101110111000101000101110111000110000101111010111010001000000010000100000100111011111010000100111011111011000111111110111111111110000001000110111110111110000101111101111100111100111110000011111000001000000000111100000010000101000011111101000101000111000110111110110111001001001000000011111010000010000011111111,
000000000001000011000000111110000000000010111101111001000000000000000000000100111110001000111001111111000001000110111110000000000011111110000111000100111110111111000100000001000101111110111111111011000000000110001011000000000001000011000001000001111110000001111100111001000000001000000110000011111010111110000001111110000101111111111110000011111101000101000100001010000101000111000110000001000000000010111110000000000000000100000000111111111111000101,
111101000001000100111011000000111011000001000100111000000000000010000110000110111111001101111101111000111100000100110111000000111101111011000001000001000001111110111101000000000011000000111100110101110001000100000111000010111110000000000000000011111000111110111001110111000011001100000000001000111000111010000001111111000100111011000001000011000000001100000000000101000000000011000000111110000010000110111110000000111111111100111110111001110101111110,
000010000011000011111000111111000001111010111111110110111010000010000011000110110110111111111110000010111111000000111001000010000001111101111010111100001000000011111011000000000001000010000000111110110100000001000110111111000000000101111110000000111101111100111110110010000010001001000000000101000010000001000001000010000000111110000000000010111110000101000001000100000110111100000010111101000000111110000000000010000000111110111010000001000010111110,
111111111111000000000000000000000000111001111110111111111101000010000000000100111101000101111101000000000000000000111110000000000001111001000001111111000100000000000000000000000000000000000000111011111100000100000011111101000000000011111101000000000001111011111111111010000000000110000000000000111100000000000000000001000000000000000011000000111111000001000010000001000100000000000001000000000000000000000001000000000010000000111010000001111101110110,
000000111101000000000010111110111100111101000001000000000000000001000000000011000001000100111011111111000010111110000001111110000000000001000100000000000010111110000000000001000000000000111111111110111001000000000100000000000000000011111101000011000001111100111111111100000000000110000010111111111110111111000001000101111110000010000000111111111111000000000000000000111111000001000000000011111110000010000001111110000011000001000000111011111111110111,
000001111101000100000000111111111110000000000001000000000011000001111101000011000000000001111101111111000000000000000010111110111011000000000000000000000000000000000000111110000000000000111111111101111101000010000011000001111111000101000001111111111111111001111101111100000001000000000000111110000000000000000011000101111111111111000000000000000000111111000000111111111110000001000000000011111101000000111101000010000010000010000000111011111110110111,
000010111110000011111111111111000000111101000000111110000111000000111111000110000010111111111111000000000000000000000000111100111110000000000000000000000010000000111111111111000001000001000010111110111110000011000011111101111111000100000001000010111111111101111100111011000000000011111010000000000000000000000000000000000000111111000000000001000000111101111110000010111111000001000000000010000000000000111111111101000000000100000000111111000000111100,
000001111011001000111111111100111111111101000000111110001010000000000011000100000001000100111101000000000000000000111110111100000010000010000000111111111101111111111110000000000011000000000000111100000000000000000001000100111110000001000000000000111111000000111101111011000000000100000000111111000011000000111101111111000000111111111111000001111111000000111111000000111111000000000001000100111110000000111110000000000001000011111111111100111110111011,
000000111100000100000000111010000000000100111100111111001000111110000001000010000011000010111110000010000001000000111101111101111111000000000000111111111100111111111110000000000110111111000001111111000000000001000000000011111110000000111111000000000000000010111111000000111110000000111110111111000010000001111110000000000001000000000000000000111111000011111110111111111110000000000000000011111101111110111110000000000000000101111111000011000000111000,
111111111101000110000000111101000011000101111100111110000111111101111110111101000111000001000000000010000011000011111110000001000000000000111111000000111110111110111101000000000100000000000011111110000000000000000000000001111110000001111101000000000001000101111100000001111101000000111110000000000010111111111110000001000000000001000010111100111110000011111111111110111110000000000010000001111101111101111101000000000000000000000010000100111111111001,
111101111111000001000000000000000011000011111110000000000101111101111110111011001000000000000011000001000011000010000100000001111111000001111111111011111100111111111100000010000111000000000010000000000000111111000000000001000001000010111011000011000000000001111011000000000001000000111100000000000000111110000000000001000000000001111111000000111110111111000001111100111111000001000000111111000000111110111110111101000000111100000000000100000001111100,
111111111101000000000001111110000010111111000000000000000010000000111011111101000000000001000001000001111100000010000010111101000001000000111111111011111100111011111110000011000111111111000100111111000000000001000011000001000100000010111101000011111110000000111110111111000011000000111101000000111111000001111111000001000000111110000001000001111101000000000001111111000001000000000000111111000000111111000010000000000001111010000001000010000001000000,
000001111010000010111110111100000001000000000000000010000000000000000001111101111101000010000000000000111011000000000001111111000010000001000000111101000000111111111110000000000011000010000011000000000011111111000010000010000101000100111110000001111101000010000000000001000001000000000001000010000000111110000000000011000000111111000001111111000001000100000001111111000000000011111111111111000010000000111111000100000110111110000011000001000000000010,
000010111110000010111110000000000000111111111111000010000001000000000010111101111101000100000000000100111111000001000001000000111111000000000000000001000000000000000001111110000001000010000000111101000010000000000010000001000001000101000000000011000001000101000000000001000010000000000000000000111111111101000011000001000000000010000011000000000010000011000000000001000000000010111111111111000011000001000000000001000000000000000101000100111110111111,
000000000000000010111101000011111101111111000001000011000000000000000010000000111111000111111110000000000000111111000000111111000010000001000010000000000001000010000001111110000000000000000010111110000000111110000100111111000001000011111111000000000000000011111011000001000000000000000000111110000001111110000010111111111111000000000001111101000000000100000000000010000000000001111101111101000011000100000010000000111110111100000001000010111110000000,
000001000000000010111101000011000001111111000010000010111111111101111111000000111110000100000000000000000000000000000000000001001000000001000011000000000011000000000011000000000000111111000000111011111111111101000011000000000010000011111110000000111101111111111101111111000000000000111110111011000011000000000010111111111111000000000001000000000000000000000000000010000010000010111110111110000010000010000010000000000000111100000000000001000000111111,
111011111110000011111111000010111101111111000011000100000000111101000010000000000001000101111101000001000010000001111111000000000111000010000100000000000001000000000001111100111111000000000000111100000000000000000010000001000001000011111110111111111111000000111010111111000000111101000000111101000000000000111110000001000000111111000000111111000000000101000000000001000011000010000000111100111111000011000010000000111111111110111011111111110110111110,
111100000000000000000000000000111111111111000000000100000000000000000000000000000000001000000000111111000000000001000010000011000110000000000011000000000011000001000011111010111111000000111111111010000000000010111111000000000000000101110111000000000001111111000000111101000000111100000000000000000000000000000000000000000000111100000000000000000000000101000000000000000011000010000000111110000000000000000000000000111001111110111111111110111000111111,
111001111111000000000000000000111110111101000000000011000111000000000000000011111111001001000000000000000000000000000011000000000011111111111111111110000010111101000011111001000000000000000010111000000000111111000110111111000000001000111100111110111100111110111111111101111111000010111111000011111110111110111100000000111111111110000000000000000000000010000000000000000101000101111101000000111100000011111110000000101111000000111100000000110101000000,
111100000001000010000001000000111111111101000011000011000100111111000001000100111111000101000100000001000000000000000000000000000011000000000001111101000000111110000010111101000001000000111101111000000000000011000101000001111110000111111111000001110110000001000000111010000011000011111111111111000000111110111000000100000000111101111111000000000000000010000010000001001000000000000000000100111110000010000000111111110101000010000000111111111001111110,
111100000000000100000000000011111111111110000000000101000001111110000000001000000000000001000010000010000000000000111110000000000001000011000001000000000110111101000000111111000000111110000000110011000010000011000100000000000000001000111110000110111001000001000001111100000001000110000010111110111111110101111111000001111111111110000000111101000000000000111110000000001001000001000001000100111111000101000111111110111001000011111110111111000010000000,
111010000001001001000101111110000000111110111110000011000001111111111101001000000001000011111010111110000001000011111100000000000011000001001011111100000110110110000001000000000010111110000000110001000000000000000110000011000001000100111101000110111101111111000011111110000001010001000001111100111101110100000001000101000000111100000011111110111111000011111101000001001000001001111111111111111111001000001110111101111001000000000010111110000101000101,
111100000010111101000101111110000000111101000001000000000101000110000100111110000010000100111110111100000000000000000001111110000110000110000111000000111111111010000000000001111110000011111011111101111100111100000000111111000000111100111010000100000001000001000000000011000010001100111111000000000001110001000000000001000000111100000000111110111100111111111110000001000000001011111101000000111101000110001001000000100100111101000011000001000101001001,
111111000100000000111010111001000011000000000000000101000000000101000100000010001001000000111111000000111111000000111011111100000100111110001000000011111111111110001100111110000001000101000000000000000000000000111110111110111111000000111011111110000001000001000100111100111101000101000000111010000010110000000111111110111110111111000110111111101111111011111011000011000000001000111111111100000010001001001100111111110011111110000010001000000101000100,
111110000001111110110011111001000100000011110110000101001001000110110100000101010010111100111101111001001001000010000000000101111111000011111101000011111011111111000111111010000000001010110101111100111000111110000010000010000100001011000011000100111111000100110110000011000101111111111101000101111001111001001011000101000111111110001100000010111101111111000110111001111110111110000001110010000010111111000110111111000011010010001100010000000011000000,
111111111100111101111110111110111111111101000001000010111111000000000000000001000000000000111101111111000000111100000000000011000001000000000000000000000001000000111110111111000000000000000011000000111111111110111111000010000011000000111110000011000010000000111110111111111101111110000000111101000010111111111111000000000001000001000001111111000001111111111111000010000010000010111111111111000010000011000001111110000010000000000000000000000011000000,
111101111110111111111110000000111110111101000010000100111110111111000000000000000010111101111110111110000011111101000000000000000001000000111110000000000011000000000000111101111101000001000000000000111110111101000000000010000001000000111111000001000011000000111100000010111111111101111110111101000010111101000000000001000000000001000000111101000010000000111111000001000000000000000000111101000000000000000000111111000000000000000000000000000010111110,
111011111111000011000000000000111010000100000101000010111110000000110110000101111110000100111010111010000011000000111111111110111100111110000111111011000001000111111000111011000110000010000010111100111011111010000100000100111001000011000010000001111010000100111001111100000111000100001000001001111110111001111111000111001010111010000000000010000101000110000001000111111111000101111110111110111111111111000000000101000001111110000010000011111101000110,
000000000101001000000101000000111101000101000000111101000000000010110100000110000001000110110000110100000111000111111010000000000000111111000110000001000001111010001000000000001101000110111011111010111011111111001011000110110110000101000000000000111011000000111010110111001001000111001010000010110111111000000101001000010010000000111101001110111111000101000111000011000100000110000100000010111001111110000000000000111110000011000000000100000001001010,
000001000011000111111101111100111001000001000100111100111100111110000001000010000000000101111101111011000000000100111111000100000001111110000001111111000101111101000001111111010000000000111011110101111000111111001001000010111100000000000000000111111110111011111001110100000001001010000001000010111010111000000011000100000010111110000000000001000001000111000011001011000111000000000000000000111110000010111100000010000000111111000100111110111101000001,
000010000110111111111011111110111101111110000000111001111011111101000110000011111010000010111101000010111101111111111101000100000001111101111101111010001001111110111100000000000001000100111110111010110110000000000110000000000000000100111101000000111000111010000100111001000001010001000100000011000000000000000101000010111110111101000000111101000000000100000001000100000011111101000011000000000001000010000011000000111100111111000001000101111101111101,
111111000011000000111110000000111100111100111111111011111110111110000111000100000000000000000000000001000000000000111000000000000010111110111111000010001010000000000001000000111101000001111111000000111110000110000000111110000100000001000000000001111111111101000000000000111110000110000001000001000001000000000100111111111111000011000011000000000010111110000101000001000000111101000000000000000010000101000011111111111100000000111111000000111111111010,
000000000000000111000000000010111001111110000001000000111101000010000001000110000000000100111111000000111111111110111101111110000000111111000001000000000110111111000000000001000000111110000000111011111100000101000100111111111111000101000001000000000000111101000010000000000001000010000010111101000000000000000110000110111110000001000001111111000000111111000000000010000100000000000000000010000000000100111111111111000000000110111111000000111101111010,
111111111011000110111111000011111010111101000011000011000000000011111101000111111110111111111110111111000000000000111110111111000000111011000010000000000101000000111111111110000010111101000010111100000010000100000001000000000000001001000010000000111100111010000000111101000000000000000000111011000010000000000111000101111110000001000001111101000000111111111101000011000010000000000000000011111110000001111110000000000010000110000000000000111100110111,
111111111110000101111111000010111110111110000010111110000010000010000000000000000010111101000000111101000000000000111111111101000010111111111111000000000010000000111101111110000010000010000000000000000000000000111111111110000000001011000010111111000000111110111111000000000001000001111111111110000001000001000010000001000000000001000001000000000000000000111110000100000010000010000000000001111101000001111111000000000000000011000000111110111101111100,
000010111110000011000000111100000000000000111110111111000011111110000001111110000010111111111111000000000000000000111010111110000000000010000000000000111101111111000000111111000001000010000100000001000001000000111111000101111111001010000000000010000001111111111100000001000000000000000000111101000000111111000000000000111111000000111110000001000001000000000000000011000100000010000010000010111110000001000000000000111111000011000000111111111101111001,
000001111100000010000001111100111101000000111110000000000010111111000000111110000011111100000000000000000010000000111110000011111111111110000000000010111111000000000000000000000011111110000011111111000000000001111100000100111111000110111100000000000000111111111100000010000000000001000011111111000000000000000000000000000001000000000001000001111111000000111111000001000010000000000011000100111111111111111111000000000000000000000001000001000001111110,
000001111101000100000010111100111100111111111110111110000100111110111101111011000100000000111111000010000100000010000000000011000000111110111111000000000000111110111101000011000010000000000100111111000010000000111100000001111110000101111100000001000010111110111110111111000000111111000000111111000001000000111101000000000000111111000010000000111111000011000000000010000100000000000000000000000000111111111101000000000000000000111111000000111101111110,
111111111110000001000001111110000000000101000000000000000010000001111111111100000100000000000001000011000000000010000010000000111111000000000000111110111100111110111110000011000100000001000010000000000001000000111101000011000010000101111110000100000000000000000000000000000000111111111101000000000011111111111110111111000000111111000001000000111110000000000010000100000010000000000000000000000011111101111111000001000000111110111111000001000000111101,
111110000000000001000000111100000001000001000000000000000100000000111111111111000000000011000001000101111100000001000000000000000000111110111111111111111100111110000000000001000010000101000000111111000010000010000000000011000100000101111111000001111110000100000010000000000010000000111110000000000000000000111111000000000000111110000001000000000000000001000011000000000101000101111111111111000100111111000001000011000001111100000010000010000001111110,
111110111100000011111101111111000001000010000000000000000000000010000010111111111111000010111110000001111011000000111111000000000001111111000000000000111111111110000000000000000000000110000001111101000010000000000011000100000010000110111111000011111101000011000011000001000000000010000001000001000000000000000010000000111111000000000001111111000001000101000000000000000100000010000000111110000011000000111111000001000011111101000001000000111111111111,
000001111111000011111110000100111111000011111101000000000010111111000110111111111111000000111111000010111111000000000010111111000000000000000000000001000010000000111111000010000000000001000100111101000010000000000101000001000010001000111100000011000000000100000010000001000000000000000001000001111111111111000000000001000000000010000100000000000000000010000000000010000101000001000000000000000001000001000000000001000000111100000000000001000000111110,
111110000000000001111111000011111111000001000001000001000000000010000101000010111111000000000000000011000000000000000000111111000001000000000000000010000001000000000010000010111111000000000010111110000000111111000001000001000010000100111111000001111110000010000001000001000000000010111111111111000001111101000000000000000000000000000001111111000000000101000010000010000100000010111110000000000001000010000000000000111111111101111101111111111100000000,
000000000000000011111110000100000001111110000010000010000010000000000000111101000011000000111111000001000000000000000000000000000100111111000111000000111101111111000001000010111101111111000010111011000000000010000010000001000010000100111111111110111110000010000000000000000000000010111111111111000001000001000001000000000001000000000000000000111111000001111111000011000100000010111111111110111111000000000000111111111110111101111110111110110110000000,
111100111110000001111111000000000000111110000000000100000100000000000000000000000010000001111011000000000011000001000000000011001000000011000011000010000000111111000010111110000000000000000010000001000000000011000000000100000100000100000000000000000000000001111100111111000010000000000000111101000000000000000000000000000000111111111111000000000001000111111110000001000101000100000000111101111110000010000000111111111010111110111011111101111000111101,
111010111111000011111110111111111111111101111111000011000100000010111111000000000011000011111110111111000000000100000001000101000111000000000001000000000000111111000010111001000000000001000100000000000000000000111111000011000000000100111110000001111111000000000000111110000000000000111110000000111111000000000011000010000000111110000000000011000000000010000000000001001000000100111111111101111101000001111111000000110111111110000001111100111101111101,
111001000011000000111111000000111110111011111110000010000011000000000000000001111111000010111111111111000000000000000011000000000011111111111110000000111111111100000000111011000000000001000011111101111111000000000100111111000001000111111110000010111011111011000011111110000000111110111111111111000000111110000000000000000001000000000000111111000000000010111111000010001110000100111100111111111110000011000101000000101110000000000000111111111100111101,
111000000011111101000011000000111101111011000000000011111111111111000010111111000000111110000000000001000010000010111101000001000010111110000010000000111111000000000000111011000001111111000000111111000000000010000101111100000000000010111100000100111001000001000101111100000001000001000000111110000100110111000010000101000000000000000010111001000000000000000000000001001100111110111010000010111100000101001010111110110011000000111111111001111110000000,
111011000001000101000010000010000000111110000000000010000000111110000000000010000000000101000000000001000010000110111111000001000000000010000000000000000001111001000001111110000100111111000000111000000010000101000100111110111110000101111110000100111011000010000001111100000001000111000000000000000000110110000010000000111110000000000011111001111110000001000011111111001011111111000000000010111111000011001010000000110111000001000000111011000001000000,
111011000101000110000100111100000011111101111101000000000101000000111111000101000011000011111011111110000010001001000000000100000010000010000101000000111101110111111110111111000100111101000000110110000000000011000010000000111010000100111011000010111101000010000000111111000010001111111111000010111110110101000000000001000000111011000010111111111100000010111101000000001011000110000000111101111110000101001110111100111000111110000110111110000111000101,
111000000011111110000000111000000011111010111111000000000010000100000010000000000011000010111100111101000011000010111101000100000110000011000011000000111100111111000000111110000011000011111111111001000000000100111111111010000000111100110110000101000101000000111111000000000001000101000000000000000100110110000010000000000000000000000100111111111000111100000000111111000010000010111001111111000010000101010000111100111000111010000010111110000110001000,
000000001011111110111101111011000001111101000000000000000011111101111111000011000110000001111100000010000001000000111101000001000010000011000111111110111010111101001110111101000110111111000001000000000000000000000010000000000001000000111100000101000000000010111100111100111011000011000011111011000001110000000000000100000010000000000111111100111010111011111111111110000010000001111010111100000110000001001001111010111001111111111111000001000101000000,
000001000100000011111100111100000000000110000000111011000111111001111010000101000111000000000000000100001111000110000101000101111110000101111010111100111011111011000100111101000110111101111001111011111011111111000110000100111010001100000100000001000001000110111010111110111010000011111010111010000101110111111011000101000110000010000101000110111010111010000101111011000110111000000010000010000100111011111011000011000110001001000011000101000001111010,
000000000000111110111110111111000000000001000000111111000000111110000000000001000000000000000001000001000001000010000001000000111111000000111110111111000001000000111111000000000001111111111111000000000000000000000000111111111111000000000000000000000000000000000000000000000000000000000000111111000001000000111111000000000000000000000000000010000000000000000010111111000001000000000000000000000000111111111111000001000001000000111111000000000000000000,
111110111101111110111111111111111101111101000001000001111110111101000000111110000010111110111101111101000010111101000000000000000010000001111111000000000010000001111111111111111111000010000010111111111111111110111111000011000001000000111101000010000011000000111101000001111110111101111110111110000010111100000000000011000001000000000000111110000010000001000000000010000000000000111110111101000001000000000000111111000000111111000000000000000010111110,
111110111110000000000000000000111111111110000010000001111110000000000000111111000000000000111110111110000001000000000000000000000000000001111110111110000001000001000000000000000000000001000000000000111111111111000000000000000001111110111110000000000001000000111110000000000000000000000000111111000000000000111110000001000000000000111111111111000010000000000000000000000000000000000000111110000000000000000000111110000000111111000000000000000000111111,
111110000011001010000101000000111111000101111111000000111101000000111000001010000000001001101111101110001110000101111101111100000001000000000110000000000000111100000010000011001101000111111100110101111110110110010010000010101101000101111111000000111000000000111000111001001111000111001100000001111010111011000000010011010111111001111110001001111111001010000010111110000111000110000100000100111010111100111100000111111101111110000010000010000001001011,
000100000011000001111011111110111110000000111111111011000000111011111101000011000000000001000000111001111101000000111110000000000101000000000110000001111011111011111111000001000101111110111001111100111100000010000111111101111110000000000011000010000000000000111111111000111010000100000111000100111001000000111010000000000010000001000000000001000001000000111111000010001100001101000011111101111101111111000010000011111110111111000010000011111110000011,
111111000100111111111110000001111101111110000010111011111100111101000011000010000001000000111110111000111011111100111110111111111100000000000101000000000100111111000001000011000010000100000000111010111101111100000001000001000100111111111001000000111010000000000100111110111111001000000100111101111101000000000001000000000001111101000100000000000011000010111011000100000010000010000110111111000000000010000100111101111110000001000101000010111010111101,
111110000001000100111000111111111001111110000101111101111001111101000110000100000001111110000000111101000001111101111110000010111101111100111100111111001001000100000000000000111110000001111111111000111001000001111110000100000000000001111101000110000001111110000010000010111111000010000000111110000001111011000011000001000011111111000000000100000010111111000001000011000010111101000000111100000100000001000000111110111101000000000001111110000001111101,
000001000100000110111101111110111011000000000010000000111000111011000000001000000000000000000001000000000011000000111010000101000001111101000000111101001101000000000000000000000001000001000001111110111001000100000000000000111101000011111011000100000010111101000000000000000011000011000000111100111111000000001010000100111110000001111111000011000001111011000001000011000011111101000000000000000000000001000000000000111111000100000101111101000010000000,
000000000000000111111110111110111110111011000001000000111011111100111101000011000000000000000000111101000000000010111011000010111111000000000011111111000100111111000001000001000001111111000000000000000000111111111110111111111110000100000000000000111101111110000010111111000000000000000010111100000000000000001010000100111111000000000010000011000010111100111111000010000101111110000001000000111110111111000000000001000000000011000100111010111101111110,
000000000000000001000000111101111100000000111110000011111110111101000000000000000001000000000010111101000011000001111101000011000000000001000000111111000010000000000000000000000100000001111111000001000000000000111011111110111111000111111111000000000000000000000100111111000000000010000011111101111111000000000100000010000000000000000001000001000000111110111111000001000101000000000001000000111111000000000000000000111110000000000001111001111111111111,
000100111100000000111111111100000010000011111100000000111111111100111111000000000100111110000000000001000011000000111100000001000000000001000001111101000000111111111111000000000001000100000011000000111101000001111111000011111100001000000000111111000000111101000010000011000000000000000000111100000000000000000101000000111110000001000010000000111110111111000000000010000101000000000001000010000011111111000000111111000000111111000011111110000000111111,
000010111111111111000001111111111111000000111110111111000000111110111101111110000001111110000000111111000001000001111011000000000000000000000001000001111111000000000000000000000001000011000001000001111111000001111011000001111111000100000000000000000010111111000000000000000001000000000001111111000000000000000001000000000000000000000001000010000000000000000000000010000110000000000011000011000001111111000001000001000000000000000100000000111111000001,
000001111110000001000001111111111110000000000000111111000011111111111111000000000001000001111111000001000001000010111111000000000000111111000000000000111111111111111100000001000000000000000000111111000000000000111111000010111111000101111110000000000011111110000000111110000001000000000000000000111111000011111110000010000001000000000001000001000000000011000000000011000101000000000000000010000001111111111111000000111111000000000010111100111101000001,
000011000000000000000000111111111111000010000000000000000010000000111110000000000000000000000001000010111111000011000000000000000000111111111110000001111110111111111110000011000000000101000000111111000000000001000000000010000001000110111101000000000010000010000100111111000001000000111111000011000000000001111110000000111111111111000000000001111111000000000000000010000100000000000000000001000110111111111111000101000001000000000011111110111111111111,
000010000000000000000001000000000000000001000011000010000001000000111111000001000001000000000001000001111111000000111111000001000010111110111111000000111101000000111111000001000000000101000000111100000001000001000010000010000011000100111111000000000001000100000011000000000000000011111111000010000000000001000000000000000000000001000000000010000000000001000001000000000110000000000000000001000101111101000000000100000010111101000100000000000000111111,
000000000000000000000000000011000000000011000000000000000010000000000010000000000001000000000000000010000000000000111110000000000011111100111111000010000000000000000000000010000000000100111111111110000000000010000001000000000011000100111110000001000000000000000110000000111111000001000001000000000010000001000000000000000010000001000010000000000000000001000000000000000101000010000000000010000010000001111111000001000011111100000000000000000000111110,
000011000000000010000000000101000000000001000000000001111111000000000101111111000000111110000000000100111111000100000010000011111111000001111111000000000000000001111111000111000010000000111110000000000001000000000001000011000001000101111101000011000000000001000011111111111110000010000000000001000000000001111101000011000000000010000001000000111101000001000000000000000110000000000010000011000001000010111111000010000001111110111111111111000001111110,
111101000001000000111111000101000000111110000000000001000000000001000010000000111110111110000010000010000000000001000000000000111111000000111110111111111111000001000000001000000001000001111111000000000000000010000010000010000011000101111111000010111110000000000001000000111101000010000000111111000010000000000001000000000000000001000000111110000000000111000000000000000110000011000001000001000000000001000000000000111101000000111011111110111111000000,
111110000011000011111111000011000001111101000000000010000000000010000000111110111110111111111111000000000000000000000000000011000000111110000011111111111110000000111111000100000001000000000010111111000001000010000000000001000000000010111011000000111110000000000100000000111110000000111101111011000010000001000000000001000001000010000000111111000000000010111111000010000110000000000001000000000010111111000000000000111101111110111110111101111010111111,
111110000010000011111111000000111111111100000000000011000100000011111111000000111111111101111011111100000010000001000001000101000101000010000010000001111110111110000000000000000000111110000101000000000000000000111111000000000001000010111110111110111110000001000011111111000000000000111110111100000000111101000000000101111111000001000000111111000001000111111110000001000010000000000001111100111111000001000000000000110100111101111101111101111111000000,
111100000000000100111101000000000000111110111101000000000011000001111111000000000000111110111111000001000000000000000011000100000011000011000000000001111100000000111101111111000000000000000101000000000000000000000001000001000000000101111110111110000000000011000001111110000001111111000000000000111111111011000010000000000000000001000000000000000000000001111110000000000011000000111110111100000000000000000000000000111011111111000000111011000000111111,
111001000001000000111101000000111100111101000000000100000000000000000011000010111110000000111111111110000000000000000000000001000011000010000001111110111111111011000000111110000000000011000100000001111101000000000101000000000010000110111011000000111001111111000011111111111110000010111111111111000001110011000011000010000001000001000000111111000001000001000000000010000111000010111110000000111101000100000111000000110100111111000010111101000000111100,
111001000001000000000000000000111110111101000110000010000000111111000010111110000000000000000000000000000010000011000000000010000000000000000010111110000000111001000001111101000001000001000000000000000000000001000011111101000101000011000000000001111010000111000000111110000001000011111111000000000011110110000010000101111110000100111110111011000001000000000101111111000101000010111011000000111100000110001010000000110010000010000000111011111101111111,
111011111111000001000000000100000011111101000010000010000000111011111100000000000000000001111111000000000110000100111110000000111111000010000000111110000000110100111101000010000010111111000010111110000000000010000100111100111100000001000000000010111110000011111101111111000010000100111101000110000010110101000000000011111100000001000000111101000001000000000101111110001001000001111110000000000101000011001001000001110111111110111110111110000001000011,
111100000001000011000100111101000100111001000000000001000101000000111111000100000100000011111011000000000001000011111110000010000111000101000000000000111100110110111100000010111110111110000100111001000000000100000001111110000000000011111000000000000010111111111111111110000010000110000000000100111110101011000000000000000000111101000001000000111101111111111100000001001100001011111100000000000001001001010110111110100111111011000100111100000100001000,
111111010001111101001001111101000001111100000000111110000101000100000000000000000100000010111100111101000011000010111011111100001000111111000011000011000000111111000111000000000000000011000000111100000001000010111111111010111111111110110111000001111100111110000000000000000001000000000010000101111101111101000100111111000100000000000010111101111101111011111010111110000100000101111000000000000000000110001101111011111001111011000110111000000101000110,
000010000111111101000011111111111110111100000000000001000100110110111110000000000111000000000000000000000011000001000000111110000101000001000100111111000000111111001010000100000101111101000000111100000000000001000001000000000001000101111011000111000011000000000001111011000000111110000001000000000001111101000000000010000010000010000110111010000010111011000000000000000001111110110110111111000100000001000101111111111100111100000000111110000011111011,
111100111100111111000000000011111100000000000100000000000010111100000010000000000001111011000011000010000010000001000101000101000100000000111010111101000000000000111100000000000100111101111001000101000000000001111110000000000000000101111110000010000110000101111010111010111011000010111011111010000100111010111101111111000000000101000001111110111111000000000000000011000110111010111110000010000011000010111100000010000101111110111110111111000011111101,
000010000000111110111101111111000000000010000000111110000000111111111110000000111110000001000000000001000000000001000011000000000000000001111111111101000010000000111110000010000010111110111111000001111101000000000001111111111110000001000000000000000001000000000000000000000010000000111110000000000010111110111110000000000000000011000000000001111111111111000011111111000000111111000001000000000000000000111101000001000000000001111111000000000000000000,
000000000001000000000000000000000000000000000000000000000000000000000000000000000000000000000000000000000001000000000000000000000000000000000001000000000000000000111111000000111111000000111111000000000000000000000000000000000001000000000000000000000000000000000000000000000000000000000000000000111111000000000000000000000000000000000001000000000001000000000000000000000000000000000000000000000000000000000000000000000001000000000000000000000000111111,
000000000000000000000000000000000000000000000000000000000000000000000000000000000000000000000000000000000000000000000000000000000000000000000000000000000000000000000001000000000000000000000000000000000000000000000000000000000000000001000000000000000001000000000000000000000000111111000000000000000000000000000001000000000000000000000000000001000000000000000000000001000000000000111111000000000000000000000000000000000000000000000000000000000000000000,
000000110100000111000110001011111011111011001001000001111011001001110110001000111000000101110001111001000111111011000001111100000110000100001010110100000011000010110101000000000111000100000000111011000010111111001001111110111010000111111111111101111010111011111001111000001001000100001010001001111100000000111011000110010000111010111101000010000111000111111011001000000110000101111010000101111011000110111000001000001001111101110011000011111110000000,
111110111000000101111101000011111100111010111101111110000000000000111001000110111100000011111110110111111011111110111110111110000110000000001000000011111101111110111000111111000110111100111110111011111110000101001000111010111110000000000010111010111101111011000000110101111010000000000010000110110101000001111000111101000010111101111110000001000011000011110111000101001001000101000000000011111110000100000010000001111111111100111101000011111001111110,
111010111111001000000000000000000000111010000010111010111110000001000001001001111111000011000010111001110110111010111110111101111111111110000001000100000100111101111101000011000001111110000000111010111101111111000010000010000000111110111111111110111101000000000011111010111011000100000000000000111100000001111010000011111111000000000110000000000011000001110111000110000010000110000100000011000010000001000001111110000001000000000100000000110111000000,
000001111101000001111101000010111101111100000010111011111101000000000000001100111111000000000011111000111100000001000000000000111110111101000000000101001001000000111100000000000011111111000010111001111100000000111110111110111110000000111011000001111111111100000011000000111111000101000001000010111111111010111111000011000010111100000011000010000000000100111010000110000010000011000000000001000000000000000001000010000000000001000000000010000011000010,
000000000010000101111110000000000001111100000010111101111100000001000000000110000000111110000010111101000000000010000010000010111111111110111111000010001101111111000010000010000010000010000100000000111001111101111111111111000000111110111101000011111111000001000001000000000001000100000010111100000000111011000011000010000000111111000100000101111100000010000000000101000000000000111100000000000011111011000000000001000000000001000110111100000100000110,
000000000011000100000010000000111111111101000010111110111100111101111101000101000001111101000000000000000000000011111111000001111110000000000000111111000111000000000010000001000000000110000011000011111100000001111110111101111011111101111111000000000000111111000010000000000010000100000001111101111101111111000101000001000011000000000011000101000010111111000000000001000001000000111110000000111111111111111111000010111111000000000110111000000001000100,
000001000011000010000101111111111111111110000000000010000001111100111101000101000000000001000000000000000001000100111001000001000000000001000100000000001000111111000011000000000000000000111111000000000000000001000000111110111011000011111110111101000001111111000010111110111111111111000001111111111010000000000011000000000000000010000010000001000000111111000000000011000101000000000000000000000000000011000001000100111110111110000011111010000010111111,
000001111110000000000011111100000001000010111111000011000000111010111101000010000001000001000000000000000010000001111101000011111111000011000001111111000010111111111101111111111100000001000001000010000000000011000000000010111100000000111111000000000001000000000010111110111101111101000000000001111100000000000010000010000000000001000000000001000000111111000001000001000101000000000001000010000101000000111110000001111111111111000011111101000011000000,
000010000000000011000000000000000000000000111110000000000000000000111110000001000000000000000000000001000011000001000000000000000011000010000000111111000010111111111101000001000000000000000000000001000000000110111110111110000000000000000001000000000000111111000001000000111111111101000000000001111101000000000001000100111110000000000010000011000001000010000000000100000100111100000000000100000110000000111110000010000000000000000101111111000000000000,
000011111111000010111110000000111111000000111100000001000001000000111100000100000000000001000000111111000000000000111111000000000000000001000000111111000101000000111100000000000010111111000000111111000000000011000000111111000000000011111111000000000000111110000001111110000001000000000001000100111110111111000001000011000000111110000010000011000000000000000000000100000100111111111101000010000110000010111110000011000010000000000010111101111111000011,
000011000010000000111111111111000000000001000000000010000111111011111101000010000011000000111111111111000000000000111111000000000000000000111101000001000000111110000000111110111111000000000010111110111110000010000000111111000010000011000001000000000011111110000000000001000001000000111111000010111110111111000001000000000001000000111111000001000000000000000011000010000110000000111110000011000110000001111111000001111111111111000010110101111111000000,
000010000010000000000001000000000000000001000011000001000010111111111110000001000101000000111110111111111111111111000000000001000000111110111111000001000001000001000000000001111111000010000000111110111111000001000000000001000100000011111111000001000000000000000001000010111111000000111111000010000000111111000000111110000011000000000000000010000010000000000000000000000111000010111111000100000011000000000000000011111101111110111111111001111110111110,
000000000001000000000010000011111111000010000000111111000011000001000010000000000010000000000000000000111111000000000000000010000001000000111101000011111111000000111111000101000000000000111110111111111111000000000000000000000000000011000000000001000010111101000010000000111110000000000010000000000001000000000000111111000001000001000000000001111110000000000000000001000101000001000001000011000010000010000000000001111110111111111100111011000000111111,
000000111101000000000000000001000000111111111111000000000000000000000011111101000000000000111111000010000000000010000000000100111101000001000000000000111110000000111110001010000000000001000000000000111110000000000000000000000000000101111100000001000000111100000010000000111111000001000000000000000001000000111111000001000000000001000000000001000000000011000000000000000100000001000001000100000000000101000000111110111101000000111101111011000011111110,
111100000000000001000000000010000000000000111110111111000100000000000001000000000000000000000000000010111111111110000000000010111110111111111110000000111111111111111111001011000000111111000101111111111111000001000011000000000000000100111011000011111111111110000101000000000000000000000000111100000000000001000010000010000000000010111110000010000000000010111111000000000101000010000000000000000000000100000001111111111100000000111101111100111110111111,
111110000001000010000000000100111110000000111111000000000001000000000000111111000000111110111110111101000001111110000001000000000100000000000000000010111110000000111111001100000000111110000101000000000001000000000010111101111111000011111011000001000000000000001010000000111111000011111101111001000001111101000001000010111110000100111111111110000000000100111101000000000011111101000001111100000000000011000001000000111001111101111101111100111101000000,
111111000001000100000000000110111111111111000000000011000100000001000000000010111110111111111110111110000010111110000001000100000111000001111111000001111101000001111111001010111110000000000011000000000001000000111101111100111111000100111111111011111110000001000100000000111111000011111111111110111101110110000000000100000001000100111110111101000010000111111110111111000001111111000000111111111111000101000101000000111011000000111111111101000000000000,
111100000000000011000000000011111101000010111111000011000100000100000010000001000001111110000000111111000000111111000000000011001010000011000000000011111011111111000000000111111111000010000010000001000001111100111101000000000010000010111110111100111100000101000001000000111110000110111101000000111110110101000010000000000001000110000000111101000001000010111101111111000000000000111111111101111110000100000111111111110111000010111111111101000000111111,
111000000001000001000000000000000000111111000001000011111111000001000011000000111101111110111111111110111111111110111110000001000001000010000101000001111011111000111110000001111111000101000011000010000000111110000101000011000011000010111011111101000000000000111110000010111111000011111101000001000000110100000011000010111110000011000000111100000001000011000001000000000011000110111101000000111110000100000111000000110011000010000000000010000001000000,
111001000100111111000000000010000010111101000001000000000000111101000000111101111011111111111100111111000001111111111110000000000011111110000111000000111110110110111110111111000001000010000011000110111110000011000000111110000011000000000000111010111101000010111110000000000000000110111000000100000010111000000010000000111111000101000001111000000000000100000011000000000011001001111010111100000010000010001010000001110110111111000101111101111110000011,
111101000111000010000001111111000010000001111110000011111101000000111100000000000000000101111011111100000011000010111101111101000101111100001001000000111100110010000000000000000110000010000001000000111101000101000001000000111100000001111110111010111011000011111111000000000000001100111101000100000000111001000101000011000010000000000000111101000000111111111100111100001000000011000010111110111110000011001001000010111110000000000011000000000100000010,
111110001100000000000101000000001000111011111111000000000000000000000000000000000001000000111101000000000001000011111111000000001001111101000001001010111011111001000000000011000001000001000011000001000000000100111101111101111101111110111010111010111001000000111111000000000110001001000001000101111100110110000011111111000011111101000000000000000000111001111110111101000100000101000000000011111111000101010001000000111100111010000101111100000100000110,
111111001001111010001000000011000011111110111110000000000110000011000010111110000001111111000000111011000011000000111000000000001001111001000101000100111110000011000101000011000000000010111101000000000000000010111110111001111010111100111000000000111011111110000000000001000011000010000011000001111111000000000011000010000001000000111101111101111111111010111011000001000001000010111011000100000001001001000010000011000011111101000000111110000100000111,
111011000011111001000011000010000000111111111011000010001000111001111111111110000101111011111110000001000010000101111111111100000011111011000010111111111101111101000101000110001010111101000000000001000000000110000001111100111011000001111011000100000001000000000010111100000010000010000000111111111111111110111111000011000000000011000100111100000000111111000001111111000001000000111001000001000011000011000010000001111110111101111110111111000100000000,
111100111011111011000000000001111001111010000100000100000000111101000001111110000000111100111111111111000010111011000011000110000101000001111011111100000011000100111011000001000100111111000000000101000000000000111011000000000011000000111110000011000011000101111011111100111101000001111100111011000001111010111100000100000000000100000010111010000100000011111100000111000011000100111011000010000001000111000000111111000101111001111111111100000101111011,
000000000000000000000000000000111111000000000000000000000000000000000000000000000000000000000000000001000000111111000000000000000000000000000000000000000000000001000000000000000000000000000000000000000000000000000000000000000001000000000000000000000000000000111111000000000000000000000000000000111111000001000000000001000000000000000000000000000000000000000000000000000001000000000001000000000000000000000000111111000000000000000000111111000000000000,
000000000000000000000000000000000000000000000000000000000000000000000000000000000000111111000000000000000000000000000000111111000000000000000000000000000000000000000000000000000000000000000000000000111111000000000000000000000000000000000000000000000000000000000000000000000001111111000000000000000000000000000000000000000000000000000000000000000000000000000000000000000000000000000000000000000000000000000000000000000000000000000000000000000000000001,
000000000000000000000000000000000000000000000000000000000000000000000000000000000000000000000000000000000000000000000000000000000000000000000001000000111111000000000001000000000000000000000001000000000000000000000000000000000000111111000000000000000000000000000000111111000000000001000000000000000000000000000000000000000000000000000000000000000000000000000000000000000001000000000000000000000000000000000000000000000000000000000000000000000000000000,
000000000011111111000101111101000000000010000111000000111001000011111100111110000010000001000001111010000010111001000100000000000010000100000001000100000011000110111110000001000110000000000100111111111100111101000101000010111101000000000010000001111100000011000010000001001000000100000010000101000000111110000000000000001001110110111111000010001000000000000011000001000001111100111110000100000011111111000000000011000000000000000000000000000000000011,
111110111001000000000100000100111011111100000000111110111011000011000001000101111111000100111101111100111110111010000011000010000110000001000101000101000010000011110110000010000100111010000011111011000111000000000011111011111100000001111110111010111010111100000001110110000001000100000001000011000000000011111010111111000110111000111011000010000011000010111101001011000110111110111010000111000000000000111010000101000100111101111011111101110111001011,
111100000000000100000001000101000000111101000101111110111100000100111101000011111110000010000011111011000000111110000110111111111100000000001000000011001011001000111011000110000111111111000000111110000000111100000000000101111110111101111101000000111010000101000110111110000001000110000000000100000111111100110110111111000101110110111011000001000000000010111101000011000000111111000000000100000010111010111101000000000111111010111111111101111101000110,
000001111100000010000000000000000011111101000001111101000000111111111101000100111100111110001001111110111110111111001010000000111101000101000001000111001111000111111011000100000101111110000101111110000001111111111101111110111110111011111001000000000010000000000110000001000001000000000010000011000100111101111100111111111111110111111101111111000000000000111111000001111101111111111110000010000000111001000000000010000110111111000000111001000011000111,
000001000011000111111111000100000011110101000110111101000010111100111010000011111101000000000100000000111111000010001001111111000000000001000001000100001101000001000010000111000010000001001010000000111101111110111111111101111101111110111111000010111100111111000100000011000110000011000011000000000000000000000000000101000000111101000011000000111101000010111110000100000011000010111101000101000000111111000001000010000001000000000101110110000000000011,
111101000000000011000010000110000010111000000011111111111110000000110111000101111001111111000011111111000011000000000000000001111111000000000111111111001110000000111110000110000010000100000011000011111100111100111110111001111101111011111101111101111111111110000100111110000000000011000010111111000000000001111110000000000101000000000010000000111111000001111101000010111111000011111001000110000100000000000010000001000000111111000000110011000000000110,
000010000001000000000100000010111111111010000010000011000000111110111100000110111110000000000011111111000001000000111100000010111100000000000110000000001101000010111111000110000000000000000000000100111110111101000001111101111101111011111011111111000001000000000111111100111011000001111110000000000010000000111111000000000100000001000001000001000000000000111110000000111110000000111100000100000011000010000001000011111110000000111111111001000001000000,
000011000000000000001000000011111100111011000011000010111110000000000000000011111110000010000101000001000000111110111010000010111111000000000001000001001011111110111110001000111110000000000010000000000001000000000001111101111111111111111110000001000011000001000010111010111111000000000000111110000011000000000000111101000010000001000000000001111111000100000011000011000001111101000000000001000010111111000010000101111100111110111111110101000010000000,
000000111111000000000110000011000000111111000000000001111111000001000000000010000000111111000001111111000000111011000000000000000001000000000100000000000100000010111111000110111100000001001001111111000010000101000001111110000000000000111010000000000000111111000011000000000000000000000011000000000001000000111111000000000000111111000000000100000010000010000001000101000011111111000101000000000010000000111111000000111100000000000000110100000001111111,
000000000000000000000100000010111111111110111101000010000000000010000001000000000101111111000000111101111111111001000000111111000001000000000010000000111111000000111111000110111110111111001100111110000101000100000001000000000001000000111100111110111110111101000100000000000010000001000000000000000001111111000000000000000001111101111111000110000011111110000000000010000001000000000010000001000010000011000001111110111101000011111111110010111111000000,
000100000000000010000010000001000000111101111110000011000100111110000000000001000110000100111110000010111111111101000000000000111101111111000000111111000000111110111111001010000000111100000100111111000010000011000001000001000001000000111111000000000000111110000101111101000001000000000000000001111110000001000000111101111111000000000000000010000000111100000010000000000010111110000001000100000000111101000000000000000000000010000000110110111111000000,
000001000000000010001000000101000000000000000001111101000001111101000000111111000011000011000001000011111101111101000011000000111101111111000001000001000001111110000000001001111111111011000110111111000001000011000001000000000001000010111110000001111111111110001001000000000001000000000000000011111011000011000000111101000001111110000001000011000000111110000001000001000011000000000000000101000000000000000000000001000010000000111011111001111111000011,
111111111111000001001001000010111111000000000001111111000001111111000000000000000000000010000010000001111110000000000000000001000000000000000000111111111110111101000000001010000011111111000101000000111111000010000001111111000000000001000001000010000000000001000101111111000000000001000001000010000000111101000000000001000001111111000010000101111110000000000000000000000000000000111101000100000000000101000000000000000000111111111100111110000011000001,
111111111111111101000110000000000010000010111110111111000001000000000010111110000000000101000001000010000000111111111111000011111100000000000010000000000001111111000000001100000011000000000101111110111111000001000010111100000001000011000000111111000001111111000000000000000000000000111111000010000001111110000001000100000000111101000010000010000000000010000001111110000010000000111110000010000000000101000000000000000000000000000000111110000110000000,
111011111111000001000100000111000001000001000000000000000011000011000100111111000000000100000010000011000010111100000000111111000000111110111101000000000000111111000101000101000001000010111111111100000000000010000000000001000100000011111111111100000000111110000011000000000000000000111111111101000011000000000001000000111110111110000000000000000000000000000000000000000011000010111010111111000000000100000000000100111110111101000001000000111101111101,
111101111110000010000100000011000000111110000000000000000011000010000010111111111101000010111111111110000001111001000010000010000101111100000001000000000010000000000001000011000101000000000000000000111100111101000001000010000010000001000000000101111101000100000111000000111111001011111101111010000001110100000000000101000010111111000000111101111110000000000000000000000010111110111001111111000000000101000000000001110110111101000100000000000000000000,
111111111110000001000110000000000010111111000010111110000111111110000000000101000010000010111110000000000110111010000001000001001001000001000001000000111011000001111111001010000000111110000010000000000000000000000001111110000010000011000001000000000000000011000000111111111111001010111110111110111011110111000100000011000011000011000100111101111111000100111100000000000010000010111011111101111110000111001001000001110010000000000000000001111101000110,
111011000010000100000111000001000011000011000000111101000100000000000000000000000000111111111111000000000000110111000000000010001100000010000011000111111010000001000000001011000000000000000010000001000011111110000011000001000000000000111111111111111111000101000001000000111111001011111110000100000000110110000110000011000000000001000000111101000111000101111000111010111111000001111100111110111010000100001010111000110110000001000000000000000000000111,
111101000111000100000100000100000100000000000010000000000000111111000010111100111011000000000000111111000000111001111101000010000111000000000101000100111100111100111110000111000000000001000000000001000101000000000011000010000000000000111111000010000010000000000000000010000010000010111110000011000000111011000000000010111110000000000010111100000011000011111110111111000000000111111110111111111110000100000100111111110011000000000011000010111110000001,
111000001011000000000100000001111010111101111111000100111111000010000001111110111001111110111100111010000100000000000000000100001010000010000110000010000000110110111101000001000001000010000000000100000000000010000000111100111010000000111101111111000010000010111011000000000000000101000001000011000010111000000011000001111010111111000000111111000010000011111100000001000000000101111110111001111111111101000101000011111000111110000010111101000010000011,
111101001100111111000111000000111100111111111000000010111110000100000000111111111110000000111101111001000110000001111111000001001000000000000011000111000011110111000000000001000011000100000101000001000000001001111101111010111010111111111101111010111111000001000000000010000000000110111110000011000100000010000010111010000000000010000001000000000000000000110111000001000101000000000000111101111111000010001011000110111101111110000000000000000010000111,
111111000111111101000100000000000000111110111010000000000001000100000011000000000001111111111101111011000011111111111101111101001100000000000011001000000011111110000010000111111111000110000101000000000001001000111111111010111110111110111100111001000000111011000000000001000101000100001000000101000100000000000010110101111101000000000000111111000000111011111101000000000010001010000000000001000100000011001110000010111011111001000000000010000011000100,
000100000110000001111000110111000100000010111111000001000100000000000000000000000111000010111001111111000000000000111010000100111111111101000100000111111111111100000010000110001000000011000000111111111110000101000011000010111111000001111111000101111100111111111101000000000000000100000000000001111110111011001010111100000101000000000011000001110110111000000000000110000100000100000000111011000110000100001001111100111110111101000110001000000000000010,
111011111110111111111000111110111011000001000010001000000110111100111010000000000110111010111001111010001000000110000000111110111101000101111011111101111100111010000011111001001010000111111001001011111011111101000000000110000001000001000100000111000000000101110111000000000110000110111000000100111001111001001000000111000101000000000110111111111010000111000111110110111111000011111101111000111110000001000101111111111010000101000101000110111101111011,
111100000000000000111010111011000000000010111111000101000110000000111110000001000100000000111011111100000100000001111101000101111100000011000001000100111101111111111111111101000100000100111010000100111110111011000010000100111111000010000011000111111101000100111011111101000000000010111011000001111101111100000100000101000100111011000011000100111001000011000010111100000010000010111111111011000011000000000001111110111110000101000011000010111100000000,
000000000000000000000000000000000000000000000000000001000000000001000000000000000000000000000000000000000000000000000000000000000000000000000000000000000000000000000000000000000000000000000000000000000000000000000000000000000000000000000000000000000000000000000000000000000000000000000000111111000001000000000000000000111111111111000000000000000000000000000000111111000000000000000000111111000000000000111111000000000000000000000000111111000000000001,
000000000000000000000000000001000000000001000000000000000000000000111111000000111111111111000000000000000000000000000000000000000000000000000001000000000000000000000000000000000000000000000000000000000000000000000000000000000000000000000000111111111111111111000000000000000000000000000000000000000000000000111111000001000000000000000000000000000000000000000000000000111111000000000001000000000000000000000000000000000000000000000000000000000000000000,
000000000000000000000000000000000000111111000000000000000000000000000000000000111111000000000000000000000000000000000000000000000000000000000000000000000000000000000000000000111111000000000000000000000000000000000000000000000000000000000000000000000000000000000000000001000000000001000000000000000000000000000000000000000000000000000000000000000000000000000000000000000000000000111111000000000000000000000000000000000000000000000000000001000000000000,
000011111110111110000010000010111110000010000000000100000001000100000000000100111100000000000000111101000011000100111101111100000011111110000011111101111110111110111110000000111111000101111101111110000101000011000011111101000100000011111010111011111110111100111111111111000001111110000011111110111100000001111110111110111111000010111101111100000001000101111011000011000101000100000010000010111101000100000001000011000000111110111100000010000011000000,
111011000001111100000111111110001000000001000000111010111111111101000110110111001011111101000110000011110111111001000100001000111011000100111101000110111111111110000101000111000000111000000101000011000101000001111001001000000000111111001000000110000101001001000101000000111100000000111111000000000111111100000000111011000001111010000100000001111101111001000011111111111100111101000000000110000101111010000010111010000111000011000010111100111010001001,
111010000011000100001100000010000101111101000010000000000011000000000100111110111011111110001011111101000000000100001010000000000100000000000011000110000001111101000001001010001101111100000111000001000100111111111100000010111100111011111100000100111111000111001001000101000011000101001001001001000011111101111010110111001000000100111110000001000000000010000100000000111100111101111100000110111010111110000100000011000000111100111111111100111110000100,
111111000011000000000101000000111111111100000001000011000000000001000011000100111011111100001010110111000100000110000010111111000111000000000110000010001000111110000011000011001011000101000101000110000000111110111100000000111011111111110110000001000000111101001010000011000001000100001010000111111110111100111000111001000111000011111010000000000000000001111101000100111111000010111111000011111011111111000110000101000100111101111010111011000110000100,
000010000100000100000010000000000001111100000010111111000100111100000000000111000011000001000011111110111111111110000000111111000000000010000101000010001001000010000100000001000011001010000001000001000010111011000100000010111000000001111111000010111010111100001001000101000000000010000110000001111011111101111010000100001000111101000100111111111101000011111010000001000101000101111101001000111100000011000100111111000001000000111011111010111111000111,
000001000010000011000100000100000001111111111111111101000000111010111001000101000010000000000010111100111111110101000011111111111011000000000111111011001000000110000101001010000101000110000000000000111110111011000001000011111000000001111010111111000000111001001010000010111100000001000111111101111101000011111001000000000111111100000110111110111111111111110111000001000101000001111101001000000100000010000000000000000010111110111101110111000010001101,
000001000001111111000101000101111110111111111111000010111101000011111101000111000000111101111111110111000010110000000011000100111010000001000011111101001001010000000110001011000101000011000100111101111110111111000000000000111010000010111100000010111111111101001001000010111010000001000101000000000010000010111100000000001010111100000010111011000010000011000010000011000001111101111111000101001001000000111101001000000001111101111110111000000101000100,
000001000001111101001011000111111111111111000001000010000000000000000000000101000000111111111111000000000000110110000000000000111110000010000000000000010000001011000101001100000010000001001010111101000001000111000000000000111110000100111111000100111111000000000110111110000001000001000110111111000011111111000000111111001001111110000100111100000000000110000011000101000100000000000011000101001000000010111101001001000000111111111110110100000001000001,
000000000010000000001001000101111110000101111111111111000100000000111001000001000001000010111100000001111001110111000001000000111111000010000100111100001110000110000101000000000000000011000101111111000000000110000110000010111111000111111011111111111101000000000111000001000100000100001011000001000010000010000010000010001000111010000000000001000010000100000000000011000011000000000011001010000000000011111110000101000001000100111101110110111100000010,
000001000011000000001000000000111111000011000000111111000100000000111011111111000011000000000000000000111001111100000100000001111111000010000100000010001000000011000100000010000010000011000100000011000000000111000000000011111111000000111110111111000010000000000100111111000000000001000111000000000011000011000001111100000101111101000001111100000000000010000001000001111110000000000010000101000000000011000000000000000001000000000000111101111110000111,
000010111100000000001000000010111101000000000000000011000010000101111011000000000010000011111111000000111011110101000100000010111110111111000011000100000110000011000101000110000001000000000101111101111111000100000100000010000001000011111010000010111100000000000110111011000000000100000001000000111111000100000000000000000100111010000111111101000010000000111111000011000001111111000000000110000000000000000000000000000000111101111011000000000000000100,
000001111111000000000110000011111101000000111110111111000000000000000000000010000010000101111110000000111111110101000110000011000011000000000100000100000111000001000001001100111111000000000110000000000001000011000011111111000011000010111111000011111011111101001001111101111110000000000011000001111101000100000000000000000010111010001000111110000001000000111101000011000011111110000001000010111111000100111111111110111110000000110110111111000000000011,
111110000101111101000111000000000000000100111110111101000000111101000010000000000011000111111111000100111110110100000000000000000000111100000101000110000011000001000000001000111111000100001001000000000001000000000000111101111111000000000000000001000000111111000101000000000011111111111111000110111111000010000001000011000001111010000101000001000000000000000010000001111111111100111111000010111100000000111111111010111001000000111101000000000001000101,
000000001100111110001101111111000110000010111010111101000011111110000100000000000101001001111011000110111100110001000000000010111110111110000101000110111111111111000011000001000000000001000100000001111111000000000011000001111111000001000000111110000000111110111111000000000010111111000001000110111111000001000000000110000001111011000110000110000000000010000010000000000101000000110101000010111101000010000000111010111010111011000011111111000000000011,
000000000110111111001010000011000110111110111011111101000010000010000000000010000000000011111001000000111110110101000011000011000010110111000101000010000000000001000011111101111101111111000000111110111101111110111111000010000001000000111110000000110110111111000100000000000011000000000111000100000011111101000011000001000011111101000000000100000000000000000111000001000101111101110110001000111100000001000000000001111101111010000001000010000010001011,
000000000100111101000111000011000110111001111110111110000101000010000100000010000001000011111011000001111100110000000100000000000100110100001000000101000000000100000011000111111110000000000001111111111100000000000000000001000001000001111111000111110100111111000110000000000000000001000010111110111111111000000100000000000111000000000000000000000001000001000011000001000101000000110110000010111010000010000100000100111111111110000010000011000010001001,
000000000100111110001011000011001000111001111100111101000001000001000001000000000000000000111111000111111100110000000000000011001001111100000011000101111110000010000010001111111110000000000001000000000010000101111111000000000001000001000000000100111101000001000011111111000011000011000110000000000000111010000011000000000000000000000110111111000010000011111101000000000000000011111000111100111111000010000110000110111100111001000000000100001011001010,
000011000100000001001101001000000111000000110110111010111111000100111110000010111100000010111100001001000000110010111101000010001111111101000100001000000001000011111100001110000000000000000000111100000100000001000101000000111110000010111101000000111101000100000100111111000001000100000111000000000011111100000000000011000000111100001001000000000000111110110101000011000010111111000000000010000000000110000000000000000001110110111110000010001000001100,
000110000110111111001000000101111101000101111101111111000011000101111101000010111110000000111101000011000011110110111111000010001011111111000101001001000010111100111011001001111111000011111110000000000011000000000010000001000011111110000000111111111100000001000001111111111110000001001001111110000001000000000000000100111110111111000110111110111111111011110110000101000000000001000001000000111011000100000000111110000000110111000000000101001000000101,
000001000101000001000100000000111100000101111010111100000100000010000100000101111001000010111010111111000000110111000001000101001001000101000000001010000100110110111101001010000000000100111111111010000010000011000001111101000100111100111110000000111011000011000000000000111111000001001001000000000101111111111110000000111111000001000010111101111100111010111000000010000000000001111111000011111101111111000110111111000010111001111100000100000010000110,
000100000100000010001001000000111001000011110111111101000101111111000101000011111011000100111100000010000000111001000000000011001010001000000000000111000010111100000000001000000000000110001000111010000110000110000000111001000111111011111111111100111101000010111101000000111110111101001000111110000101111111111101110111111000000010000101111111111000111100110111001000111111000000111101000000000000000010000111000001000100111000111010000010000100000011,
111100000110000100000111000100111101000001111100111111000010111111000001000001111010000001111110000001111111110101111111111110000111000110000011001110000000000010000001000001111100000011000110111101000101001001111111111101000111111101111110111011111110000000111001111111111110111111000110000000000100111111000110110100110101000101000000000000111010111111111011001000000101001011111100000100000100001011000111000001111110111001111110000000000001000001,
111101000010000100000011000000000000111111111101111011000011111111111101000010111111000011111010000100111101110110000001001010000101000100000011001011111110111111111111000011111110111111000110111100000000000100000011000000001000111111111101000000000011111100111011111100111110000000000011111101000011000000000011110110111011000110000101000011111010111101111001001010000111000000111011000111001011000010000001111100000010111001000010111111111011000111,
000001000010111101111101111110111100000011111110000100000100000010000000000100000000111101111111111101000111000010111100111100111111111011000101000010111101000001000000111101000001000100111010000101000000000011000000000010111111111110111111000001111100000000111101111111000001000001111100000000111111111101000101000011111111111110000100111111111011000100000000111110000001000110000001111110000100000001000011000001111111000100111111000101111110000000,
111110000100000011111100111011000100000010111110000011000101000000111110000001000100000000111100111111000101000010111011000100111011000000000010000011111100111101000000111101000100000011111100000010111100111111000010000100111110000001000011000011111100000100111100111101000000000010111101000001111101111101000101000101000100111100000011000110111100000100000001111100000001000001000000111110000010000000000000111110111100000101000010000010111100000000,
000000000000000000000000000000000000111111000000000000000000000000000000000000000001000000000000000000000001000000000000000000000000000000000000000000000000000000000000000000000000111111000000000001000000000000000000000000000000000000000000000000000001000001000000000000000000000000000000000000000000000000000000000000000000000001000000000000000000000000000000000000000000000000000000111111111111000000111111000000000001000001000000000000000000000000,
000001000000000001000000111111000000000000000000000000000000000000000000000000000000000000000000000000000000000000000000000000000000000000000000000000000000000000000000000000000000000000000000000000000000000000000000000000000000000000000000000000000000000000000000000000000000111111000001000000000000000001111111000000000000111111000000000000000000000000000000111111000000000000000000000000000000000000000000000000000000000000000000000000000000111111,
000000000000000000000000000000000000000000000000000000000001000000000000000000000000000000000000000000000000000000000000000000000000000000000000000000111111000000000000000000000000000000000000000000000000000000000000000000000000000000111111000000000001000000000000000000000000000000000000000000000000000000000000000000000001000000000000000000000000000000000000000000000000000000000000000000000000000000000000000000000000000000000000000000000000000000,
000000000000000000000000000000000001000000000000000000000000000000000001000000000000000000000000000000000000000000000000000000000000000000000000000000000000000000000001000000000000000000000000000000000000000000000000111111000000000000000000000000000000000000000000000000000000000000000000000000000000000000000001000000111111000000000000000000000001000000000000000000000000000000000000000000000000000000111111000000000000000000000000111111000000000000,
000001111111000000000000000000000000000010111111000000111111000001000000000010111111111111000000111111000010111111111111111110000000111101000011000000000001000001000000000000000001000001000000000000000010000001000000111111000001000000111111111110000000111111000000000010000000111111000001111110000001000000000001111111000000000000000001111101000000111111111111000000000001000001000001000000000001000000000000000000000000000000111111000000000010000000,
111111000001000000000110000001000011111011000001000010000110111100000110000010111010111001000101111011001100000111000011111110000100111111000100000001000000111010000010000010001000000001111100000111000111000101110111111110001000000100111010111111000100000001000110000110000000111100000111000001111101111100111110111001111101000110111110111110111101000001000110111101111001000001000011000000111011000001000111000111111010111100000000111100000101111010,
000010000111000001001011111111001000111100111111000010000111111100000100000001111110111010001000111111000011001000111111111011001000000000000010000000000000111001000100111111001001000110111100000111000100000010000000111001001000000100111001111110000110111011000011001001000000111100001001001001111001000001111001111000000010000110111010000011111010000000111101000010000000000101000000111110111100000011001010001001111100111000111111111011000001111111,
000011001010000001001010111111000111111100111111000000000101111100000010000001111110110111000111000000000011001001111101111110000110000010000110000001000011111100001000000010001011000111000000001001000101111111000001111011000101000011111000000000000101111111001000001100000100000000001000000111111010111110111011111001000000000101111110000001111011000000111100111111111110000010000000000001111111000001001010000110111110110110111111111011000011000001,
000100001110111110001100000001000100000010111001111101111100000001000001000010000011111000000110111111000010000100000010111101111111000000001101000110000110000110001010001010001000000101000100000100000111111011000010001000000100000000111010001000000000000110010100001101000010000111001001000000000000110110000010111100000000000000000101111100111100111101111110111100111111111011000010010001001001110111000100000000000100111101000110111101001001000110,
000111001001111111001110000011000100000100111110111100111001000001001011000000000000111111000110111110000001110100000000111101000000111101001010001000000000001100010001001000000100000101000111000011000111111000111111000000111110000000000001000101000000000000000110000111000010000101001011111110000010111110000110000000000110111100000110111111000000111111111011111111111101000001000001010010001001111001000100000000000101111101000010111101000111001001,
000011000101111100001101000000000101000100110111111100110110000100001011000000111010111011001000000000000000110100111111111011000000000000000101001001001001001011010010001100001001000100001010000011000101111011111101000000000001111100000011111110000010111110001011001001000010000100001010111101000010000010000011111110000111111101000010000101000000111011111111111100111101000010000011001010001010000010111111111110000100000100111111111011000110000110,
000001001011000000000111111110000000000111111100111111111000001010000000000100111100000001111111111001111111111000111101111111000000000000000100000010010000001001001111000111000110000000001001000000000010111011000000000001000010000001111101111101111111000000001000000110000000000001001011000000000001001000000010000000001010111010000101000100000001000011111011111111000100000010000011001010000001000000000001111111001001000011111111111100000001001010,
000110000110000000001010000001000001000101111111000001000000001001111110000101111111000000000000111001111101110111000001111101111111000000001000000010000100000010001110000110111111111110000001111100000010000000000011000011000111000011000000111101111101000000000100000001111011111011001010111101000010000101000000000011001010111100000101000000000010000011111010000000000110000000000110001001111111000000000011000011000110111101111111111111000010001011,
000010001011000000001111000000001010000011110111000000111111000001000001000011000000111111000010111100000000111100000000111101000010000000000100000110111110000101000110010011000000000000111110000010000010000000111110111110001001000000111011111111110110000000010000111101111100000000001110111100111111111111111101111110000110111111000011111110000010111111111111000001111110111110000100010001000000000000111111000000000011111101111110001001000000010000,
000101000011111111001011000001001101000100110101111100111100000101000001000011000001000011111111000010000101111111000000111110000010000001000101000010000100000010111101001111000000000001111110111111000000000000111011111111000110111111111010000000110101111101000101111011111111000001001001000000000011110111111101000001000110110111000111000000000110111100111100000110000001111101000100010111000000000000111111000101000100111100111011000110000000010110,
001000001010111000001011000011000100000101111011000001111100000111000100000011000001000000000101000010000010111111111100111111111100000010001011001001000110000111000000001110000011000100000010000100000010000010000000000000001110111100111010111110111001111101000001000101000100111101001001000000001000111110000001111110001100111101000110111101000011111110111010111110000100111110000100001100000000111111000011000011111110111000111010000100000110000111,
111110000101111101001100000010111110000000111101000000111101000010000001000100000000111111000000000110111111110111111111000111111010000011000101001010000100000000000000001011000100000000000010000100000001000010000000111101001010000000111011111101111101000000000000000011000001111010000001111110000000111010111110111110001110111111000011111111111100000001111010111101000011000000111001001010000001000011000001111100000000110110000001000000001010000001,
111101001010000000010010000101000001000001111111000010111011000110000101000011000011111100000000000010111110110101000000000011111100111110000011000111000010000011111110001100000110000000000010000001000001111110111100111100001110111111111101111110111110000000000101111111000010111100000101000000000100111101000101111011001101111011000001000000111100111100000001000001000010111011111001001011000010111010000000000001000011111010000000000011001100000100,
111111001011111001000111000100000001111110111101000101111010000111001011000011111011000001000011111110111010110111111111111110111111110100000100000010000100001010000011010011000010000000000011111110000110000000000011000000001011000000111101000100110110111010000111000001000011111100001101000000000101111100001011111111000110111111000110111110000011111101000010111110000100111111111100001010000000111001000000000110000010111000111101000110001101001000,
000100001101111010000101000001000001000010111111000000111100000101001011000100111011000001000000000001111101111001111111000000111011111001000100000000000001001000111111001010000111000000000010111100000001000011000011000001000001000000111101000101110111000000000010000011000100000001001011000000000001000000001000000000000000000000001000000011001000111110111101000010000010000000111100000101000001111011000001000100111111111100111010000110011000000101,
000110001110000000000000111110000011000010111011111111111100000100001011000011000011111101111110000011000000111100000101000001000001000001000011000110000010000011111101001000000010111101000110000000000010111101000101000100000000111000111011000010111010000100000011000001000011000011000000111111001000000101000010000000111010111001000111000110000000111001111000000100000011110111111100001001001010111101111101111100000000000010111011000011010100001000,
000110000011111011000101111110111110001011110011000011111100001101001100000010000010111101000101111110000000111011111101000000000100111011001111000100000111000111111101001010111111000001000000000000000101111111000011111111001000110101110100111110111100111101001010000000000000000010000101111110000011000111001000111101110101111010000100000010000001110100110111000111000110000001001000001100000101111111000000000000000000111111111001001111001011000111,
000000111101110011000110111010000000000111110110000001111001001010001100000101111111111100000001110110000000111010111110000010000011000000001101000110001001111111111100001000000001000111000101111011000001000011000000111000001001111011111011111011111101000000001000001010000100111110000100111110000001000110000101111010111001111011000011000000000010111100111101001000000011000001000000000110000011111101000110111111000000000011110110001111000001001010,
000000000000111000000101000000000000001000111010111101111011001001000101000010000000111110000011111000000001111101111110000011000010000011000110000101001000000010111111000101000011000100000111111111000000000001000100111011001000111101111010111101111111000100001000001000000001111101000010000000000100000011000001111111111111111011000100000000000011111010111101000111000000111110111111000101000010111100000111000000111111000001110111000111111111001001,
000001000110111110000101000000000000000011111100000100111101000001000110111111000011111100000010111011000100000001111111000001000001000000000010000000000100111110000100000011111110000011111011000010000111000000111110111110000010111111111101000000000000111101000110000110000100000000000011000010000001000001111111111101111110000000111111000000000101000001111111000001111111000000000000000000000010111110000100000100111110111111111001000100111101000010,
000000000000000000000000000000000000000001000000000010000000000001000000000000000000000000000000111110000010000000111110000000000000000000000001000000000000000001000000000001000000000011000000000000111111000000000000111111000000000000111101000000000000000000000011000000000000000000000011000000000001000000000000000001000000111110000000000000000001000000000001000000000000000000000001000000000000000000000000000000000000000000000000000001000000000000,
111110000000111110000001111110000010000000000000111110111110000000000000111110000100111110000000000000111101111110000011000011111110000011111110000010000001000011000000000000000010111110000010000010111111111111111110000010111110111101000001000100000000000001000001000000000001000001000000000000000010111110000000000000000010111101000001000010000000111110000011111111111111111100111111000010000011111101111110111110000010000000000010111111111101000010,
000000000000000000000000000000000000000000000000000000000001000000000000000000000000000000000000000000111111000000000000000000000000000000111111000000000000000000000000000000000000000000000000000000000000000000000000000000000000111111000000000000000000000000000000000000000000000001111111000000000000000000000000000000000000000000000000000000000000000000000000000000000000000000000000000000000000000000000000000000000000000000000000000001000000000001,
000000000000000000000000000000000000000000000000000000000000000000000001000000000000111111000000000000000000000000000000000000000000000000000000000001000000000000000000000000000000000000000000000000000000000000000000000000000000000000000000000000000000000000000000000001000000000000000000000000000000000000000000000000000000000000000001000000000000000000000000000000000000000001000000000000000000000000000000000000000000000000000001000000000000000000,
000000000000000000000000111111000000000000000000000000000000000000000000000000000000111111000000000000000000000000000000000000000000000000000000111111000000111111000000000000000000000000000000000000000000000000000000111111000000000000000000000000111111000000000000000000000000000000000000000000000000000000000000000000111111000000000000000000000000000000000000000000000000000000000000000000000000000000111111000000000001000000000000000000000000000000,
000000000000000000000000000000111111111111000000000000000000000000000000111111000000000000000000000000000000000000000000000000000000000000000000000000000000000000000000000000000000000000000000000000000000000000000000000000000000000001000000000000000000111111000000000000000000000000000000000000000000000000000000000000000000111111000000000000000000000000000000000000000000000000000000000000000000000000000000000000000000000000000000000000000001000000,
000000000000000000000000000000000000000000000000000000000000000000000000000000000000000001000000000000000000000000000001000000000001000000000000000000000000000000000000000000000000000000000000000000000000000000000000000000000000111111000000000000000000000000000000000000000001000000000000000000000000111111000000000000000000000000111111000000000000000000000000000000000000000000000000000000000001000000000000000000000000000000000000000000000000000000,
000000000000000000000000000000000000000000000000000000000000000000000000000000000000000000000000000000000000000000000000000001000000000000000000000000000000000000000000000000111111000000000000000000000000111111000000000000111111000000000001000000000001000000000000000000000000000000000000000000000000000000000000000000000000000000000000000000000000000000111111000000000000000000111111000000000000000000000000000001000000000000000000000000000001000001,
111011000001000000000010111011000101111111000100111011111100000010000001111011000101111110000000000000111100111100000101000100111010000101111011000110000011000101000011000010000100111011000011000011111100111100111011000100111110111001000100000101000000000101000100000100000001000100111110000101000110111101000011000010000011111010000010000101000001111010000110111101111011111100111011000011000110111011111100111100000101000000000011111110111101000100,
111010000101111110000101110100001000000001001000110110110101001011000100110101001011110111000001111111110011110011001101001011110100001011111000001010001000001100000101000111001001111000001000001001110110110100110101001001111000110110001101001100000000001011001001000110000111001000000100001001001010111010000111000110001001111000000100001100000000110111001010111000110101110101111000000110001011110011110101110101001100000011001011111011111010001001,
111010000000110110000001111111000111000100111101000000110100001001000000111101000111110011000110111001000000111101000000001010111000111110111111010000000111001010000100000100000101000001111111001011000000111011111000000000000100110100111100001010111111000111000100000101111110111110000011111101001010111010001010000000000000111011000100000001000000111011000000000011110111111011000010000100001001111100000000111111000110111100111111000010111011001010,
111110000011111001111111111110001000000111111100000010110111001000000000000000000110110010000001111001000011111100000000000111000000111110000011001111000101000111000100000100000111000100111101000101000001111101111111111101000110110111111100000011111101000010000101000111111101111100000101111100001011111111000111111111111101111110000011111110000100111100111100000100111101000000000101000101001011111111000011000010000101111101111101000011111101001110,
111010000100111010000000111010001010001000111011000000110101001100000000000001001001101011000000111000000010111110000100001001111100111110000010010000001000001010000101000101001001000100111110001100111110111001111011000000000110110101111011001001111010001000000110000111111110111100000010111101001101111111001000000000111111111101000111000000000111111000111110000101110111111011000101000110001011111011111111000000000111111101111111000011111101001011,
111100001000111100000010110111000101001010111100000000110100001101000100111100001011101001000100110111111010111101000100000110111000111110000100010100000110010000001000000100000110111110000010010011000001111000110011001001000010101010111100001001111100001001001000001010000000000011000001000000010000111010010001000001000011000000000110000000000011111010000101000000110101110100000010000110000010110011110111111010000110111011001111000011000100001000,
000000001010111011000101111000001001000110111011111110111100000111000010000000001010111001000000111101110101110010000100001010111001111010000101001001000110000011000010001000000101111101000001001010000001111000111100001001000001111011111111001011111010001011001000000011000000000111111101000101001010110111001100000000000101000000001011000100111101110110000000000001111110111010000100000111000111110111111010111000001010111100001010000001000100001001,
000100001001111010000011000001001010000100111110000000000000001010000010000011001001111100000010111110111010110111111111000100111011111010001000111110000000000000000000000110000010000001000010000100000110111011000000001000000010111111111010001011111011001011000011000000000001000011111101000000000110110100001100111010000010000101001001000000111111110111111011000010000000111111000111001001000000111011000000000000001001111011000010000001001010001100,
000111000111111100000011000000001001000110111011111111111100001001000000000001000100111100000000111101111010111001000000000001111100111011001010000000000000000000000001000110000101000001000101000100000110111000000001000000000100111110111001000110111010010001000011000000000101000010000000000000000110110111001100111010000100000100001101000001000000111001111101000100000000111110000111001000000001111011000000111110000111111010000000000011001011010000,
000100001000111110000101111000001000000111111011111111110111001101000100111001010001111010000011111100101101111010000101000100111100111111000011001000000110000101000100000101001100000000000001001010000100111010111100111111000010111010111100001110111110001001000111000100001011000010111011000010001010111001001010000000000101111111000110000011000110111001000000000011111011110101000011000110000101101111110111111011001000111001111100000010001001001100,
000110001000111000000011111111000011001011110110000110110100001110000101000000010001101100000101110110101111110111111111111110000000111000001010111111001010010001000010001000001000000100111110010100000011110110000010111011001000101001111000000101111010000010001100001011001010111111000011111011001010111110001010111111000000111111001001111111001001110101111011000010111111110100000101001000000100110101000010000001000110111011110111001001001110001010,
000011001000111101001000111110111110000110111000000011111000010101001010000000000111100110000010110111110000110010000000000001110110111000001000000001000110010110001011001001001010000101000010010111000011000000000100000000000111110110111000001110111100000000001100001110001001111100000000111101000010111010010111111101001001000100000101111011001000111101111011111101000011111111000010000110111111111000000100000010000110111101111010000111001000111111,
000000000100111100000101110000000001000111111001000010111011001010000011111101001001101100111111111001111100110011000010000010101111000000001000000011001000010111001010000111001001000011000100001001000100000001111010000111000001101011111111001111111101000000001101001100001110111100000001000111000100111101010000000000000111000000000101111111000101111100111101111010111111111001000010000101000000110100111111000000000110111110111100000111000111000000,
000001000101111001000011101111000101000111111111000011111000001001000110111001000101101111111110110111111110111011000011000001110110000000001000001011001010010101000111000110000100000100000111000101000011111110111000000011000100101000000000000111111110000101001011001100001010111101000010000010000111111101010010111100000101000000001010000101000111111011111101111100000000111010000101000111000111110011111101111100000011111101111111000111000100000011,
000000001100111001000000111001000010000110111111000100111000001011000011111101111111110101000000111100111111111111000111000011000000000010000111000101000110001110000111000011000000000011000000000100000000111101111010000001000011110010000010000000111101000001001100001111001001111011000010000001001001000000001011111100000001111110001000000001000011111010000010111010110110111010001000000101000111111010111110111011000000111110000000000110000011000101,
000011001101111100000000111101000110001001111010000001110101001110000110111111000111110011000010110111000001000110000000111110000001000011001000000000000111001101000100000100000101000011111100001000000101111101111100000000000101110011111001000010111111000001001100001100000110111110111111000010000111111110001001000000111011000011000101000001000011111010111110111100111000111100001001000011000111111101000100000000000001111100111010000101000100000110,
000000001010111111000001000000001010000111111100111011110111001011001000111101000010110011000110111000000100000111000000111101000001000100000000000011000110001000001000000011000000000011000010001000000010111110111001111011000010110111110111111011000001000110001000001010000111000100111111000000000110000001001000000011111100000001000001000001000000111010000001111110111000000000000001111110000011111101001000000000111111111101111010000000000110000110,
111111000101110111000010111100000111001011000000111101111000001000000110111100111111110111000100111000000001111101111111000001111111000110000000000110001001000011000101000110000000000111000110000100111011111011111010111110111110111011000001111100111011000111001000001000000101000110000001000010000101000000000101111111000000111011000010111101000110111100000000111101111001111101111010000000000101111000000100111011000000000100111110000100000000000110,
111110000110111100000101111111000101000101111111111100111001000101000110000000111101111001000001111001000000111101000111000011000001000100000011000111001000000001000011000100000000000110000100000100111101111111111101111111111110111101000000111100111111000110000111000111000100000100000100000001000011000010000000111100111110111011000000111100000110111101000000000000111100000000111100111111000000111101000011111110111111000011111101000011111111000110,
111110000001111101000010111011000010111111000010111101111101000101000010111100000100111110000000111101111110111100000100000100111110000100000001000011000101000011000011000011000010000010000010000010111101111100111011000011111101111110000110000101111110000100000101000100000100000001000010000101000010000000000011000010000011111100000000000101000100111110000000111111111101111101111101000000000011111100111110111100000000111111000011111101111100000011,
000000000000000000000000000000111111000000000000000000000000000000000000000000000000000000000000000000000000000000000000000000000000000000000000000000000000111111000000000000000001111111000000000000000000000000000000000000000000000000000000000000000000000000000000000001000000000000000000000000000000000000000000000000000000000001000000000000000000000000000000000000000000000000000000000000000000000000000000000000000000000000000000000000000000000000,
000000000000000000000000000000000000000000000000000000000000000000000000000000000000000000000000111111000001000000000000000000000000000000000000000000000000000000000000000000000000000000000000000000000000000000000000000000000000000000000000000000000000000000000000000000000000000000000000000000000000000000111111000000000000000000000000000000000000000000000000000000000000000000000000000001111111000000000000000000000000111111000000000000000000000000,
000000000000000000000000000000000000000000000000111111000000000000000000000000000000000000000000000000111111000001000000000000000000000000000000000000000000000000000000000000000000000000000000000000000000000000000000111111000000000000000000000000000000000000000000000000000000000000000000000000000000000000000000111111000000000000000000000000000000000000000000000000000000000000000000000000000000000000000000111111000000000000000000000000000000000000,
000000111111000000000000000000000000000000000000000000000000000000000000000000000001000000000001000000000000000000111111000000000001000000000000111111000000000000000000000000000000000000000000000000000000000000000000000001000000000000111111000000000000000000000000000000000000000001000000000000000000000000000000000000000000000000000000111111000000000000000000000000000000000000000000000000000000000000000000000000000000000000000000000000000000000000;
